-- phpMyAdmin SQL Dump
-- version 3.5.8
-- http://www.phpmyadmin.net
--
-- Host: localhost
-- Generation Time: Jun 22, 2013 at 12:45 PM
-- Server version: 5.1.69-cll
-- PHP Version: 5.3.17

SET SQL_MODE="NO_AUTO_VALUE_ON_ZERO";
SET time_zone = "+00:00";


/*!40101 SET @OLD_CHARACTER_SET_CLIENT=@@CHARACTER_SET_CLIENT */;
/*!40101 SET @OLD_CHARACTER_SET_RESULTS=@@CHARACTER_SET_RESULTS */;
/*!40101 SET @OLD_COLLATION_CONNECTION=@@COLLATION_CONNECTION */;
/*!40101 SET NAMES utf8 */;

--
-- Database: `quin_guitar`
--

-- --------------------------------------------------------

--
-- Table structure for table `artist`
--

CREATE TABLE IF NOT EXISTS `artist` (
  `id` int(11) NOT NULL AUTO_INCREMENT,
  `name` varchar(200) NOT NULL,
  `description` varchar(200) DEFAULT NULL,
  `is_composer` tinyint(1) DEFAULT NULL,
  `is_singer` tinyint(1) DEFAULT NULL,
  `is_guru` tinyint(1) DEFAULT NULL,
  `create_date` date DEFAULT NULL,
  `create_by` varchar(50) DEFAULT NULL,
  `update_date` date DEFAULT NULL,
  `update_by` varchar(50) DEFAULT NULL,
  PRIMARY KEY (`id`)
) ENGINE=InnoDB  DEFAULT CHARSET=utf8 AUTO_INCREMENT=130 ;

--
-- Dumping data for table `artist`
--

INSERT INTO `artist` (`id`, `name`, `description`, `is_composer`, `is_singer`, `is_guru`, `create_date`, `create_by`, `update_date`, `update_by`) VALUES
(11, 'Đàm Vĩnh Hưng', '', NULL, 1, NULL, NULL, NULL, NULL, NULL),
(12, 'Đan Trường', '', NULL, 1, NULL, NULL, NULL, NULL, NULL),
(13, 'Khắc Việt', '', NULL, 1, NULL, NULL, NULL, NULL, NULL),
(14, 'Hồ Ngọc Hà', '', NULL, 1, NULL, NULL, NULL, NULL, NULL),
(15, 'Lương Bích Hữu', '', NULL, 1, NULL, NULL, NULL, NULL, NULL),
(16, 'Hồ Quang Hiếu', '', NULL, 1, NULL, NULL, NULL, NULL, NULL),
(17, 'Phạm Trưởng', '', NULL, 1, NULL, NULL, NULL, NULL, NULL),
(18, 'Bảo Thy', '', NULL, 1, NULL, NULL, NULL, NULL, NULL),
(19, 'Khánh Phương', '', NULL, 1, NULL, NULL, NULL, NULL, NULL),
(20, 'Đông Nhi', '', NULL, 1, NULL, NULL, NULL, NULL, NULL),
(21, 'Lam Trường', '', 1, 1, 0, NULL, NULL, NULL, NULL),
(22, 'Bảo Chấn', '', 1, NULL, NULL, NULL, NULL, NULL, NULL),
(23, 'Trần Vũ', '', 1, 1, 0, NULL, NULL, NULL, NULL),
(25, 'Tần Khánh', '', NULL, 1, NULL, NULL, NULL, NULL, NULL),
(26, 'Quang Nhật', '', 1, NULL, NULL, NULL, NULL, NULL, NULL),
(27, 'Sỹ Nguyên', '', 1, 1, 0, NULL, NULL, NULL, NULL),
(29, 'Mỹ Tâm', '', 1, 1, 0, NULL, NULL, NULL, NULL),
(31, 'Hoàng Nhã', '', 1, NULL, NULL, NULL, NULL, NULL, NULL),
(32, 'Uyên Linh', '', NULL, 1, NULL, NULL, NULL, NULL, NULL),
(33, 'Huy Tuấn', '', 1, NULL, NULL, NULL, NULL, NULL, NULL),
(34, 'Trương Quý Hải', '', 1, NULL, NULL, NULL, NULL, NULL, NULL),
(35, 'Tuấn Ngọc', '', NULL, 1, NULL, NULL, NULL, NULL, NULL),
(36, 'Bức Tường', '', 1, 1, 0, NULL, NULL, NULL, NULL),
(38, 'Nguyễn Hà', '', 1, NULL, NULL, NULL, NULL, NULL, NULL),
(39, 'Nguyễn Ngọc Thiện', '', 1, NULL, NULL, NULL, NULL, NULL, NULL),
(40, 'Lưu Bích', '', NULL, 1, NULL, NULL, NULL, NULL, NULL),
(41, 'Nhạc ngoại lời việt', '', 1, NULL, NULL, NULL, NULL, NULL, NULL),
(42, 'Anh Thúy', '', NULL, 1, NULL, NULL, NULL, NULL, NULL),
(43, 'Tường Văn', '', 1, NULL, NULL, NULL, NULL, NULL, NULL),
(44, 'Nhạc ngoại', '', 1, NULL, NULL, NULL, NULL, NULL, NULL),
(45, 'Trịnh Công Sơn', '', 1, NULL, NULL, NULL, NULL, NULL, NULL),
(46, 'Cẩm Vân', '', NULL, 1, NULL, NULL, NULL, NULL, NULL),
(47, 'Nguyễn Đức Cường', '', 1, 1, 0, NULL, NULL, NULL, NULL),
(48, 'Mỹ Linh', '', 0, 1, 0, NULL, NULL, NULL, NULL),
(49, 'Y Moan', '', 1, 1, 0, NULL, NULL, NULL, NULL),
(50, 'Hà Okio', '', 1, 1, 0, NULL, NULL, NULL, NULL),
(51, 'Jimmy Nguyễn', '', 1, 1, 0, NULL, NULL, NULL, NULL),
(52, 'Microwave', '', 1, 1, 0, NULL, NULL, NULL, NULL),
(53, 'Hoài An', '', 1, 0, 0, NULL, NULL, NULL, NULL),
(54, 'Tuấn Hưng', '', 0, 1, 0, NULL, NULL, NULL, NULL),
(55, 'Phạm Khánh Hưng', '', 1, 1, 0, NULL, NULL, NULL, NULL),
(56, 'Lương Bằng Quang', '', 1, 1, 0, NULL, NULL, NULL, NULL),
(57, 'Hồ Quỳnh Hương', '', 0, 1, 0, NULL, NULL, NULL, NULL),
(58, 'hieuorion', '', 0, 0, 1, NULL, NULL, NULL, NULL),
(59, 'haketu', '', 0, 0, 1, NULL, NULL, NULL, NULL),
(60, 'Guitardamme', '', 0, 0, 1, NULL, NULL, NULL, NULL),
(61, 'Văn Anh', '', 0, 0, 1, NULL, NULL, NULL, NULL),
(62, 'Hiển Acous', '', 0, 0, 1, NULL, NULL, NULL, NULL),
(63, 'kenx', '', 0, 0, 1, NULL, NULL, NULL, NULL),
(64, 'sonnt', '', 0, 0, 1, NULL, NULL, NULL, NULL),
(65, 'Lân ốc', '', 0, 0, 1, NULL, NULL, NULL, NULL),
(66, 'BuiQuangHuy', '', 0, 0, 1, NULL, NULL, NULL, NULL),
(67, 'zReThuz', '', 0, 0, 1, NULL, NULL, NULL, NULL),
(68, 'tienhanh', '', 0, 0, 1, NULL, NULL, NULL, NULL),
(69, 'apasras', '', 0, 0, 1, NULL, NULL, NULL, NULL),
(70, 'hoangguitar2210', '', 0, 0, 1, NULL, NULL, NULL, NULL),
(71, 'Linh Lem', '', 0, 0, 1, NULL, NULL, NULL, NULL),
(72, 'Đức Huy', '', 1, 1, 0, NULL, NULL, NULL, NULL),
(73, 'Tiến Minh', '', 1, 0, 0, NULL, NULL, NULL, NULL),
(74, 'Bùi Anh Tuấn', '', 0, 1, 0, NULL, NULL, NULL, NULL),
(75, 'Hoàng Tôn', '', 1, 1, 0, NULL, NULL, NULL, NULL),
(76, 'Nguyễn Ánh 9', '', 1, 0, 0, NULL, NULL, '2013-06-15', 'admin'),
(78, 'Hoàng Nguyên', '', 1, 0, 0, NULL, NULL, '2013-06-15', 'admin'),
(79, 'Quang Lê', '', 0, 1, 0, NULL, NULL, '2013-06-15', 'admin'),
(80, 'Xuân Phương', '', 1, 0, 0, NULL, NULL, '2013-06-15', 'admin'),
(81, 'Kim Tuấn', '', 1, 0, 0, NULL, NULL, '2013-06-15', 'admin'),
(82, 'Quốc Dũng', '', 1, 0, 0, NULL, NULL, '2013-06-15', 'admin'),
(83, 'Elvis Phương', '', 0, 1, 0, NULL, NULL, '2013-06-15', 'admin'),
(84, 'Minh Châu', '', 1, 0, 0, NULL, NULL, '2013-06-15', 'admin'),
(85, 'Thích Chân Quang', '', 1, 0, 0, NULL, NULL, '2013-06-15', 'admin'),
(86, 'Nguyễn Vũ', '', 1, 0, 0, NULL, NULL, '2013-06-15', 'admin'),
(87, 'Thanh Lam', '', 0, 1, 0, NULL, NULL, '2013-06-15', 'admin'),
(88, 'Dân Ca Bắc Bộ', '', 1, 0, 0, NULL, NULL, '2013-06-15', 'admin'),
(89, 'Quang Dũng', '', 0, 1, 0, NULL, NULL, '2013-06-16', 'admin'),
(90, 'Trung Nghĩa', '', 1, 0, 0, NULL, NULL, '2013-06-16', 'admin'),
(91, 'Vũ Hoàng', '', 1, 0, 0, NULL, NULL, '2013-06-16', 'admin'),
(93, 'Vũ Trọng Hối', '', 1, 0, 0, NULL, NULL, '2013-06-16', 'admin'),
(94, 'Khánh Ly', '', 0, 1, 0, NULL, NULL, '2013-06-16', 'admin'),
(95, 'Quốc An', '', 1, 0, 0, NULL, NULL, '2013-06-16', 'admin'),
(96, 'Vân Trường', '', 0, 1, 0, NULL, NULL, '2013-06-16', 'admin'),
(97, 'Trần Lê Quỳnh', '', 1, 0, 0, NULL, NULL, '2013-06-16', 'admin'),
(98, 'Thuận Yến', '', 1, 0, 0, NULL, NULL, '2013-06-16', 'admin'),
(99, 'Khánh Hà', '', 0, 1, 0, NULL, NULL, '2013-06-16', 'admin'),
(100, 'Cẩm Ly', '', 0, 1, 0, NULL, NULL, '2013-06-16', 'admin'),
(101, 'Trần Thiện Thanh', '', 1, 0, 0, NULL, NULL, '2013-06-16', 'admin'),
(102, 'Thanh Thảo', '', 0, 1, 0, NULL, NULL, '2013-06-16', 'admin'),
(103, 'Phạm Trọng Cầu', '', 1, 0, 0, NULL, NULL, '2013-06-16', 'admin'),
(104, 'Nguyễn Hoàng', '', 0, 1, 0, NULL, NULL, '2013-06-16', 'admin'),
(105, 'Quang Vinh', '', 0, 1, 0, NULL, NULL, '2013-06-16', 'admin'),
(106, 'Châu Kỳ', '', 1, 0, 0, NULL, NULL, '2013-06-16', 'admin'),
(107, 'Thanh Tuyền', '', 0, 1, 0, NULL, NULL, '2013-06-16', 'admin'),
(108, 'Phạm Đăng Khương', '', 1, 0, 0, NULL, NULL, '2013-06-16', 'admin'),
(109, 'Trịnh Nam Sơn', '', 1, 1, 0, NULL, NULL, '2013-06-16', 'admin'),
(110, 'Trần Quang Lộc', '', 1, 0, 0, NULL, NULL, '2013-06-16', 'admin'),
(111, 'Hồng Nhung', '', 0, 1, 0, NULL, NULL, '2013-06-16', 'admin'),
(112, 'Quang Linh', '', 0, 1, 0, NULL, NULL, '2013-06-16', 'admin'),
(113, 'Ngọc Châu', '', 1, 0, 0, NULL, NULL, '2013-06-16', 'admin'),
(114, 'Phương Thanh', '', 0, 1, 0, '2013-06-21', 'user1', NULL, NULL),
(115, 'Đức Trí', '', 1, 0, 0, '2013-06-21', 'user1', NULL, NULL),
(116, 'Việt Anh', '', 1, 0, 0, '2013-06-21', 'user1', '2013-06-21', 'user1'),
(117, 'Thùy Chi', '', 0, 1, 0, '2013-06-21', 'user1', '2013-06-21', 'user1'),
(118, 'Trần Long Ẩn', '', 1, 0, 0, '2013-06-21', 'admin', '2013-06-21', 'admin'),
(119, 'Tần Minh', '', 0, 1, 0, '2013-06-21', 'admin', '2013-06-21', 'admin'),
(120, 'Phú Quang', '', 1, 0, 0, '2013-06-21', 'admin', '2013-06-21', 'admin'),
(121, 'Lê Quang', '', 1, 0, 0, '2013-06-21', 'admin', '2013-06-21', 'admin'),
(122, 'Nguyễn Văn Tý', '', 1, 0, 0, '2013-06-21', 'admin', '2013-06-21', 'admin'),
(123, 'Minh Khang', '', 1, 0, 0, '2013-06-21', 'admin', '2013-06-21', 'admin'),
(124, 'Thanh Tùng', '', 1, 0, 0, '2013-06-21', 'admin', '2013-06-21', 'admin'),
(125, 'Quốc Bảo', '', 1, 0, 0, '2013-06-21', 'admin', '2013-06-21', 'admin'),
(126, 'Duy Quang', '', 0, 1, 0, '2013-06-21', 'admin', '2013-06-21', 'admin'),
(127, 'Quang Lý', '', 0, 1, 0, '2013-06-21', 'admin', '2013-06-21', 'admin'),
(128, 'Phan Huỳnh Điểu', '', 1, 0, 0, '2013-06-21', 'admin', '2013-06-21', 'admin'),
(129, 'Nguyễn Đức Trung', '', 1, 0, 0, '2013-06-21', 'admin', '2013-06-21', 'admin');

-- --------------------------------------------------------

--
-- Table structure for table `lesson`
--

CREATE TABLE IF NOT EXISTS `lesson` (
  `id` int(11) NOT NULL AUTO_INCREMENT,
  `title` varchar(200) NOT NULL,
  `video_link` varchar(200) DEFAULT NULL,
  `guru_id` int(11) DEFAULT NULL,
  `level_id` int(11) DEFAULT NULL,
  `category_id` int(11) DEFAULT NULL,
  `update_date` date DEFAULT NULL,
  PRIMARY KEY (`id`),
  KEY `guru_id` (`guru_id`),
  KEY `guru_id_2` (`guru_id`),
  KEY `level_id` (`level_id`)
) ENGINE=InnoDB  DEFAULT CHARSET=utf8 AUTO_INCREMENT=3 ;

--
-- Dumping data for table `lesson`
--

INSERT INTO `lesson` (`id`, `title`, `video_link`, `guru_id`, `level_id`, `category_id`, `update_date`) VALUES
(1, 'Bài cơ bản - Giới thiệu Guitar, các nốt nhạc cơ bản, lên dây...', 'http://www.youtube.com/watch?v=VnM9ckcJCk0', 58, 1, NULL, NULL),
(2, 'Bài Cơ bản - cách Lên Dây đàn guitar', 'http://www.youtube.com/watch?v=VVciXLFIGGw', 58, 1, NULL, NULL);

-- --------------------------------------------------------

--
-- Table structure for table `level`
--

CREATE TABLE IF NOT EXISTS `level` (
  `id` int(11) NOT NULL AUTO_INCREMENT,
  `name` varchar(200) NOT NULL,
  `description` varchar(200) NOT NULL,
  PRIMARY KEY (`id`)
) ENGINE=InnoDB  DEFAULT CHARSET=utf8 AUTO_INCREMENT=6 ;

--
-- Dumping data for table `level`
--

INSERT INTO `level` (`id`, `name`, `description`) VALUES
(1, 'Rất dễ', ''),
(2, 'Dễ', ''),
(3, 'Trung bình', ''),
(4, 'Khó', ''),
(5, 'Rất khó', '');

-- --------------------------------------------------------

--
-- Table structure for table `melody`
--

CREATE TABLE IF NOT EXISTS `melody` (
  `id` int(11) NOT NULL AUTO_INCREMENT,
  `name` varchar(200) NOT NULL,
  `description` varchar(200) NOT NULL,
  PRIMARY KEY (`id`)
) ENGINE=InnoDB  DEFAULT CHARSET=utf8 AUTO_INCREMENT=23 ;

--
-- Dumping data for table `melody`
--

INSERT INTO `melody` (`id`, `name`, `description`) VALUES
(1, 'Blue', ''),
(2, 'Habanera', ''),
(3, 'Valse', ''),
(4, 'Boston', ''),
(5, 'Ballade', ''),
(6, 'Pasodouble', ''),
(7, 'Tango', ''),
(8, 'Bolero', ''),
(9, 'March', ''),
(10, 'Rumba', ''),
(11, 'Bepop/Disco', ''),
(12, 'Samba', ''),
(15, 'Cha Cha Cha', ''),
(16, 'Fox', ''),
(17, 'Hiphop', ''),
(18, 'Twist', ''),
(19, 'Rock', ''),
(20, 'Slow Rock', ''),
(21, 'Slow', ''),
(22, 'Slow Surt', '');

-- --------------------------------------------------------

--
-- Table structure for table `rhythm`
--

CREATE TABLE IF NOT EXISTS `rhythm` (
  `id` int(11) NOT NULL AUTO_INCREMENT,
  `name` varchar(200) NOT NULL,
  `description` varchar(200) NOT NULL,
  PRIMARY KEY (`id`)
) ENGINE=InnoDB  DEFAULT CHARSET=utf8 AUTO_INCREMENT=5 ;

--
-- Dumping data for table `rhythm`
--

INSERT INTO `rhythm` (`id`, `name`, `description`) VALUES
(1, '2/4', ''),
(2, '3/4', ''),
(3, '4/4', ''),
(4, '6/8', '');

-- --------------------------------------------------------

--
-- Table structure for table `song`
--

CREATE TABLE IF NOT EXISTS `song` (
  `id` int(11) NOT NULL AUTO_INCREMENT,
  `title` varchar(200) NOT NULL,
  `lyric` text NOT NULL,
  `rhythm_id` int(11) DEFAULT NULL,
  `composer_id` int(11) DEFAULT NULL,
  `singer_id` int(11) DEFAULT NULL,
  `level_id` int(11) DEFAULT NULL,
  `melody_id` int(11) DEFAULT NULL,
  `create_date` date DEFAULT NULL,
  `create_by` varchar(50) DEFAULT NULL,
  `update_date` date DEFAULT NULL,
  `update_by` varchar(50) DEFAULT NULL,
  `status` varchar(20) DEFAULT NULL,
  `music_link` varchar(200) DEFAULT NULL,
  PRIMARY KEY (`id`),
  KEY `rhythm_id` (`rhythm_id`),
  KEY `author_id` (`composer_id`),
  KEY `composer_id` (`composer_id`),
  KEY `singer_id` (`singer_id`),
  KEY `level_id` (`level_id`),
  KEY `melody_id` (`melody_id`),
  KEY `rhythm_id_2` (`rhythm_id`)
) ENGINE=InnoDB  DEFAULT CHARSET=utf8 AUTO_INCREMENT=102 ;

--
-- Dumping data for table `song`
--

INSERT INTO `song` (`id`, `title`, `lyric`, `rhythm_id`, `composer_id`, `singer_id`, `level_id`, `melody_id`, `create_date`, `create_by`, `update_date`, `update_by`, `status`, `music_link`) VALUES
(2, 'Hòn Đá Cô Đơn', '[C]Có hòn đá cô [G]đơn xa xa. [Am]Đứng ở đó cớ [Em]sao một mình.\r\n[F]Phải chăng đá cũng [C]thất tình. [F]Hoà niềm đau với [G]ta.\r\n[C]Có chị gió bay [G]ngang qua. [Am]Khẽ nhẹ vuốt mát [Em]tâm hồn mình.\r\n[F]Này cậu trai [C]thất tình. [F]Buồn làm chi hỡi [C]em?\r\n\r\n[C]Có giọt nước rơi [G]trên mi. [Am]Khẽ nhẹ thấm xót [Em]xa trong lòng.\r\n[F]Hình như nước cũng [C]biết rằng. [F]Nàng đã xa cách [G]ta.\r\n[C]Ôi giọt nước đau [G]thương kia ơi. [Am]Chớ vội khóc khiến [Em]ta thêm buồn\r\n[F]Vì ta cũng đã [C]biết rằng. [F]Nàng đã xa cách [C]ta.\r\n\r\n[C]Khi người nỡ quay [G]lưng ra đi. [Am]Dẫu còn chút vấn [Em]vương trong lòng.\r\n[F]Thì người yêu ơi ta [C]biết rằng. [F]Nàng đã xa cách [G]ta.\r\n[C]Ta ôm một chút đau [G]thương thôi. [Am] Giấu thật kín mãi [Em]trong tâm hồn.\r\n[F]Vì người yêu ơi ta [C]biết rằng. [F]Nàng sẽ quên mất [C]ta.', 3, 23, 23, 2, 1, NULL, NULL, '2013-05-19', NULL, 'NULL', 'http://stream4.mp3.zdn.vn/ES3stAYFQh/45e8656d9f8d35d13acf99c6dd397494/518de58c/2012/04/16/e/9/e9c39ba60420955c4354131a11c5279f.mp3'),
(4, 'Tuổi Hồng Thơ Ngây', 'Tuổi hồng thơ [C]ngây dưới mái [Am]trường. Tuổi [Dm]thơ đă đi qua [G]rồi. \r\nĐể lại trong [C]tôi 1 nỗi [Am]buồn. Nói [Dm]lên tiếng yêu lặng [G]thầm \r\nAnh dành cho [C]em. Hm.. Ha...\r\n\r\n[C]Xưa chúng ta chung [Am] trường. Cùng [Dm]nhau kết hoa ước [G]hẹn,\r\nMà [C]sao bỗng dưng em [Am]lại. Bỏ quên [Dm]hoa quên tình [G]tôi. \r\nEm vội ra [C]đi trong li [Am]biệt. Tháng năm[Dm] vẫn trôi qua [G]dần.\r\nAnh chờ tin [C]em.\r\n\r\nKỉ niệm trong [C]tôi đã phai [Am]mờ. Giờ [D]em bước đi theo [G]chồng,\r\nBỏ lại trong [C]tôi 1 bóng [Am]hình. Nói [Dm]lên yêu lặng [G]thầm \r\nAnh dành cho [C]em.\r\n\r\n[C]Khi biết tin em [Am]rồi. Lòng [F]anh bỗng se thắt [Dm]lại, \r\nVà [Am]khi tiếng chuông giáo [C]đường. Chợt ngân [Dm]vang xe hoa dừng [G]lại. \r\nEm là cô [C]dâu khoác áo hồng[Am]. Sánh [Dm]vai bước đi bên chồng[G], \r\nTình anh đơn [C]côi.\r\n\r\n[C]Hãy hát khúc nhạc [Am]buồn. Cùng [F]chung tiếng ca cung [Dm]đàn, \r\nCòn [Am]đâu dáng em những [C]chiều. Nhẹ [Dm]đưa bước chân phù [G]du. \r\nÊm đềm trôi [C]qua, em theo [Am]chồng. Nhớ [Dm]sao những khi tan [G]trường. \r\nTìn anh bơ [C]vơ.', 4, 27, 27, 2, 20, NULL, NULL, NULL, NULL, NULL, 'http://stream.org.mp3.zdn.vn/fsfsdfdsfdserwrwq3/04e971d397eaa2e713314ec447d06c35/518f361c/6/75/675aa09db6615e7c3fdf1221801d63a8.mp3'),
(5, 'Nhỏ Ơi', 'Lần [Dm]đầu ta gặp [C]nhỏ , trong [Am]nắng chiều bay [Dm]bay   \r\nNgập [Dm]ngừng ta hỏi [C]nhỏ , nhỏ [C]bảo nhỏ không [Am]tên    \r\nỪh [Dm]thì nhỏ không [C]tên , bây [C]giờ quen nhé [Am]nhỏ , nhỏ [Dm]ơi   \r\n\r\nLần [Dm]này ta gặp [C]nhỏ , trong [Am]nắng chiều bay [Dm]bay   \r\nNgập [Dm]ngừng ta hỏi [C]nhỏ , nhỏ [C]bảo nhỏ chưa [Am]yêu   \r\nỪh [Dm]thì nhỏ chưa [C]yêu , bây [C]giờ yêu nhé [Am]nhỏ , nhỏ [Dm]ơi   \r\n \r\nLần [Dm]này nhỏ quay [C]đi , không [C]thèm nhìn ta [Am]nữa   \r\nGiọt [Dm]sầu rơi một [C]mình , chỉ [Dm]còn ta một [C]mình , nhỏ [Dm]ơi   \r\n \r\nCòn [Dm]gì đâu hỡi [C]nhỏ , trong [Am]nắng chiều phôi [Dm]phai   \r\nKỷ [Dm]niệm ta cùng [C]nhỏ , giờ [C]chỉ là hư [Am]vô   \r\nỪh [Dm]thì là hư [C]vô , xa [C]rồi vẫn nhớ [Am]hoài , nhỏ [Dm]ơi   \r\n \r\nTình [Dm]cờ ta gặp [C]nhỏ , trong [Am]nắng vàng ban [Dm]mai   \r\nThẹn [Dm]thùng ta hỏi [C]nhỏ , nhỏ [C]bảo khờ ghê [Am]đi   \r\nỪh [Dm]thì khờ ghê [C]đi , thương [C]rồi sao chẳng [Am]hiểu , nhỏ [Dm]ơi   ', 2, 26, 25, 1, 3, NULL, NULL, NULL, NULL, NULL, 'http://stream2.mp3.zdn.vn/fsfsdfdsfdserwrwq3/9c25c8ecaeba54b997ef2599df1957f9/518f2f5d/2011/04/14/0/5/0560a5c3e2e4ead8296428a86aaf4005.mp3'),
(6, 'Chuyện Như Chưa Bắt Đầu', '[Am]Mưa rơi trên nỗi đau [Em]nào lòng chợt thấy nghẹn [F]ngào vì bao khát [C]khao.\r\n[Am]Đợi chờ làm chi nỗi [Em]đau ai ngờ, tình [F]yêu đôi ta như là [C]mơ.\r\n[Am]Bao yêu thương đã muộn [Em]màng  vì mình quá vội [F]vàng để lòng nát [C]tan.\r\n[Am]Vậy mà giờ sao nói [Em]ko nên lời, lệ [F]rơi trên đôi khóe [E7]mi.\r\nTừ trong con [Am]tim  anh cứ nhớ em vô [Em]bờ. \r\nTinh yêu [F]ấy cũng đã khiến anh mong [C]chờ.\r\n[Dm]Góc phố vắng em mình [Am]anh bơ vơ, bao [B7]giấc mộng nay tan [E7]vỡ.\r\nThì thôi xem [Am]như chuyện tình mình chưa bắt [Em]đầu. \r\nĐể cho [F]lòng này nhẹ [G]vơi nỗi [C]sầu.\r\n[Dm]Như cành hoa đã [Am]thôi úa màu, mà [E7]ta giữ lại cho [Am]nhau.\r\n[Dm]Như cành hoa đã [Am]thôi úa màu, mà [B7]ta giữ [E7]lại cho [Am]nhau.', 3, 31, 29, 2, NULL, NULL, NULL, NULL, NULL, NULL, 'http://stream4.mp3.zdn.vn/ES3stAYFQh/7d6cf8faafba5c6ed2592b19dfa825a7/518f388b/2012/06/07/5/b/5b1bf1f6d64ada2b09439bfe87e60e03.mp3'),
(7, 'Chờ Người Nơi Ấy', '[Am]Ngồi lại nhấp chén [Em]say\r\nLắng trong [Am]lòng mình những đắng [Em]cay \r\n[Am]Ngày dài thấm thoắt [Em]rơi\r\nMuốn quên [Am]đi những [Em]phận bèo [Am]trôi.\r\n\r\n[Am]Ngọc ngà cũng mấy [Em]phen\r\nLấm trong [Am]bùn hoài cũng thấy [Em]quen\r\n[Am]Ngồi buồn ngó gót [Em]sen\r\nTrách sao [Am]cõi đời [Em]này đỏ [Am]đen.\r\n\r\n[ĐK:]\r\nChờ người nơi [F]ấy\r\nVề đây mang [C]theo những dấu yêu\r\nChở che cho [Dm]nhau những [Em]đêm lạnh [Am]lùng\r\n\r\nChờ người đâu [F]thấy\r\nNgười còn hoài [C]xa cách xa\r\nMột mình trong [Dm]đêm lắng [Em]nghe gió [Am]than.\r\n\r\n* Vì lời ai [F]hứa\r\nMột ngày dìu [C]em bước đi...\r\nTìm về nơi [Dm]xa phút [Em]giây yên [Am]bình.\r\n\r\nĐầu non cuối [F]gió\r\nNgười còn là [C]mây viễn du\r\nĐể lại đằng [Dm]sau tiếng [Em]ai thở [Am]dài.', 1, 33, 32, 2, 16, NULL, NULL, NULL, NULL, NULL, 'http://stream2.mp3.zdn.vn/fsfsdfdsfdserwrwq3/c72fb646435ed089545a7b2f4e34dbf5/518f3941/2013/01/06/5/5/556c73b6ee7d270afb3d38b3fb1c7f29.mp3'),
(8, 'Hà Nội Mùa Vắng Những Cơn Mưa', 'Hà Nội mùa [B7]này vắng những cơn [Em]mưa\r\nCái rét đầu [Am]đông khăn em bay hiu hiu gió [Em]lạnh\r\nHoa sữa thôi [Am]rơi, em bên tôi một chiều tan [Em]lớp\r\nĐường Cổ Ngư [B7]xưa chầm chậm bước ta [Em]về\r\n\r\nHà Nội mùa [Em]này chiều không buông [Am]nắng,\r\nPhố [D]vắng nghiêng nghiêng cành cây [G]khô\r\nQuán [Em]cóc liêu xiêu một câu [Am]thơ\r\nHồ [B7]Tây, Hồ [Am]Tây tím [G]mờ\r\n\r\nHà Nội mùa [Em]này lòng bao nỗi [Am]nhớ\r\nTa [D]nhớ đêm nào lạnh đôi [G]tay\r\nHơi [Em]ấm trao anh tuổi thơ [Am]ngây\r\nTưởng [B7]như, tưởng [B7]như còn [Em]đây', 4, 34, 35, 2, 20, NULL, NULL, NULL, NULL, NULL, 'http://stream2.mp3.zdn.vn/fsfsdfdsfdserwrwq3/55a6ce4f4c8fb6a0f7149abae94edf67/518f3a0b/2011/07/08/7/b/7b9d3f3c948a0fd99d85e1c7a48c7421.mp3'),
(9, 'Bông Hồng Thủy Tinh', '[G] Nếu những đắm say vội [G]vã\r\nTa đã [G]trao nhau để rồi lãng [Em]quên\r\n[C] Nhưng năm tháng [D]trôi\r\nÐể lòng mang bao vết thương khắc [Em]sâu\r\nVì ta đã chót [D]yêu\r\nTình [G]yêu xưa như vết cứa xót xa\r\nTim anh âm thầm đau [Em]đớn\r\nBụi mờ [C]quá khứ đã giăng che mờ [D]trên cây đàn đã nín [Em]câm\r\nTình yêu [D]đó xin gọi tên "Bông hồng [Em]thuỷ tinh”\r\nÐể sỏi [C]đá quen bước chân anh từng [D]đêm trên phố khuya\r\n\r\n[G]Xin như cơn mơ cho bông hoa sẽ mãi mãi trong [D]tim ta\r\n[Em]Xin cho đôi tay nâng niu chớ vô tình có đánh [D]rơi\r\nVì tình [C]yêu kia mong manh như thuỷ tinh\r\nAnh không muốn trong đời [C]thiếu [D]em, [C]thiếu [D]em ...\r\nÐể thời [G]gian ta chia xa không [D]phai nhòa\r\nÐể ngày [Em]mai ta sẽ mãi không [D]quên\r\nXin em [C]hãy giữ kỷ niệm "[D]Bông hồng thuỷ [D]tinh" oh oh[G]\r\n\r\n[G]Nếu những đắm say tìm [G]đến\r\nKhi thời [G]gian chưa xóa mờ vết [Em]thương\r\n[C]Dù cho năm tháng [D]qua Cuộc tình chia cách xa đôi [Em]nơi\r\nNgày xưa ta đã [D]yêu\r\nDù thời [G]gian cho ai sẽ lãng quên Ai âm thầm tiếc [Em]nuối\r\nBụi mờ [C]quá khứ đã giăng che mờ [D]trên cây đàn đã nín [Em]câm\r\nTình yêu [D]đó vẫn gọi tên " Bông hồng [Em]thuỷ tinh"\r\nÐể cho [C]mãi mãi vẫn ghi trong lòng [D]ta năm tháng qua', 4, 36, 36, 2, 20, NULL, NULL, '2013-06-15', 'admin', 'Unpublished', 'http://stream2.mp3.zdn.vn/fsfsdfdsfdserwrwq3/9bbc31d1ca80562f72bf8740e2af494f/518f3af3/2010/09/23/b/1/b152844419fa8ea5b743c0468cec51ec.mp3'),
(10, 'Bước Chân Lẻ Loi', 'Từng [Dm] ngày trên [F] phố bước [C] chân anh [Dm] lẻ loi\r\nGiờ em đến [F] chốn mờ [C] xa nhạt bóng [F] mây\r\nNơi chân [Bb] trời không ngày [C] tháng\r\nPhiêu du quên đường [F] về\r\nĐặt [Bb] tên dấu chân [C] em trong đời [Dm] tôi\r\n\r\nGiọt [Dm] mưa kia [F] đã xóa [C] tan bóng hình [Dm] em\r\nCòn đây nước [F] mắt hòa [C] chung niềm nhớ [F] nhung\r\nTrên con [Bb] đường xanh màu [C] lá đã quen dấu chân [F] người\r\nLẻ [Bb] loi bước chân [C] anh đi về [Dm] đâu\r\n\r\n[Bb] Chơi vơi anh [C] bước qua nhanh con đường [F] xưa\r\n[Bb] Nơi ta đã [C] có những ngày [A7] vui\r\n[Bb] Bao nhiêu ân [C] ái xin trôi theo ngàn [F] mây\r\n[Bb] Miên man câu [C] hát khẽ gọi [A7] em\r\n\r\nTiếng mưa [Dm] buồn thoánglạnh [C] quá cô đơn anh khóc [F] thầm\r\nLẻ [Bb] loi bước chân [C] anh trong chiều [Dm] mưa', 2, 38, 12, 3, 3, NULL, NULL, NULL, NULL, NULL, 'http://stream2.mp3.zdn.vn/fsfsdfdsfdserwrwq3/9bbc31d1ca80562f72bf8740e2af494f/518f3af3/2010/09/23/b/1/b152844419fa8ea5b743c0468cec51ec.mp3'),
(11, 'Chia Tay Tình Đầu', 'Người yêu [Am]hỡi xin dấu lệ sầu khi chia tay [Dm]tình đầu \r\nDù xa [G]cách như những ngọt ngào ta quen nhau ngày [C]nào \r\nCòn đâu [Dm]đó trên phố hẹn hò, còn in [Am]dấu phong kín một [C]đời \r\nCười lên [Dm]đi người yêu dù lòng ta nát [E7]tan...\r\n\r\nTình yêu [Am]đó như phép nhiệm mầu, cho ta qua [Dm]từng ngày\r\nTình yêu [G]đến như sóng dịu dàng, ta yêu nhau nồng [C]nàn\r\nTình như [Dm]gió bay đến tình cờ, để muôn [Am]kiếp khô héo đợi [C]chờ\r\nNgười yêu [E7]ơi tình yêu ta là cơn đau cuối [Am]cùng\r\n\r\nLần [Dm]cuối xin dấu chua [G7]xót, để [C]trái tim bớt băng [F]giá\r\nRượu nhắp [Dm]trong phút chia tay, [F]sao cay [E7]đắng\r\nLần [Dm]cuối không nói xa [G7]cách, sợ [C]ướt đôi mắt nhung [F]nhớ\r\nÐường [Dm]phố trong phút chia [E7]ly cúi [Am]đầu...', 3, 39, 35, 3, NULL, NULL, NULL, NULL, NULL, NULL, 'http://stream.mp3.zdn.vn/fsfsdfdsfdserwrwq3/ce2e04f419be576ce9ca8cb8f0524ab4/518f3c0e/5/78/578784c1ad1b64382e0e4f6af80a32ab.mp3'),
(12, 'Chiếc Lá Mùa Đông', 'Mùa [Am]đông trên thung lũng [Em]xa.\r\nnhư một tiếng [Am]kinh cầu.[Am]\r\nLàm [Am]sao để ta quên [G]đi một cơn bão [C]lớn.[E7]\r\nAnh [Dm]hỡi nếu mộng đẹp [Am]có thế thôi.\r\nXin [E]hãy giữ [E7]lại phút giây sau [Am]cùng.\r\nTình [F]yêu rồi đây sẽ [G]như cơn mộng dở [Am]dang. [E7]\r\nÐời [Am]em tựa như khúc [G]ca.\r\nru một sớm [Am]mai hồng. [Am]\r\nLàm [Am]sao để cho bờ [G]mi đừng hoen nước [C]mắt. [E7]\r\nAi [Dm]nhớ đến một hạnh [Am]phúc lứa đôi.\r\nXin [E]hãy giữ [E7]trọn cánh chim phương [Am]trời.\r\nNgười [F]ơi đừng nên dối [G]gian cho lòng nát [Am]tan.[Am]\r\nÐường [C]mây giờ đây xa [G7]vắng dấu chân địa [C]đàng.\r\nVườn hoang tìm đâu cho [G7]thấy giấc mơ nồng [C]cháy.[E7]\r\nCuộc [Dm]sống mới [G7]rồi người [C]có thấy [F]vui.\r\nXin [F]hãy giữ [Dm]lại một [E7]chiếc lá [Am]rơi.\r\nThời [F]gian rồi đây sẽ [G]như con thuyền lướt [Am]trôi.', 3, 41, 40, 2, 21, NULL, NULL, NULL, NULL, NULL, 'http://stream2.mp3.zdn.vn/fsfsdfdsfdserwrwq3/61b73717d629f9618935818121635bf2/518f3d71/2010/09/28/b/e/be43592cd64be86895829f5df88083ec.mp3'),
(14, 'Hãy Hát Lên', '[Am]Gió vẫn còn gọi mùa thu [Dm]đến khắp trời.\r\n[G]Nắng vẫn còn gọi mùa xuân [C]đến với đời.\r\n[Am]Thì anh ơi xin đứng [Dm]chớ lo âu.\r\nVì cuộc [G]đời còn bao nắng [E7]ấm.\r\n[Am]Sóng vẫn còn gọi bờ cát [Dm]trắng biển chiều.\r\n[G]Nước vẫn còn một màu xanh [C]biếc thuở nào.\r\n[Am]Dòng sông xưa vẫn ngàn [Dm]năm trôi mãi.\r\nTrôi hoài [G]về biển [E7]lớn.\r\nĐK:\r\nVà mình cùng [Am]hát lên nào lời tình tha thiết.\r\nCùng hát lên [F]nào lời mình muốn [Dm]nói.\r\nCùng hát lên [G]đi cho đêm vui khắp [E7]trời.\r\nVà ngày đêm ước [F]mơ.\r\nDù rằng đời [Am]lắm thăng trầm đường dài phía trước.\r\nVà lối đi [F]về ghập ghềnh ai [Dm]biết.\r\nCùng hát vang [G]lên xua tan đi bao nỗi [E7]buồn.\r\nVà cùng thắp lên niềm [Am]vui.', 3, 43, 42, 2, 11, NULL, NULL, NULL, NULL, NULL, 'http://stream2.mp3.zdn.vn/fsfsdfdsfdserwrwq3/570f44b6bf52cd5dbae86e68ac37b82b/518f3f59/2011/03/28/8/3/83b2a8da0b9c8b5fa7e7f8d67e7ba3b4.mp3'),
(15, 'Happy Birthday', 'Happy [C]Birthday to [G]you\r\nHappy [G]Birthday to [C]you\r\nHappy [C]Birthday, Happy [F]Birthday \r\nHappy [G]Birthday to [C]you', 2, NULL, NULL, 1, 3, NULL, NULL, NULL, NULL, NULL, ''),
(16, 'Kiếp Rong Buồn', 'Mùa thu [G]qua từng chiếc lá bay về [D]nơi chốn [Em]xa,\r\nVà cơn [C]gió tìm lãng [D]quên về nơi cuối [G]trời\r\nNgười yêu [C]hỡi giờ lối [D]xưa còn đâu gót [G]hồng, \r\nkiếp rong [Em]buồn, Tình hoang [Am] vắng mãi trôi [D]hoài về nơi [G]xa [D]\r\n\r\nCòn trong [G]anh từng nỗi nhớ theo anh [D]trong bóng [Em]đêm,\r\nĐường xưa [C]bước, lòng giá [D]băng từ nay mất [G]ngườị\r\nNgười yêu [C]hỡi, đời đã [D]chia tay từ đây mất [B7]ngườị\r\nCòn đâu [Em]nữa, từng đêm [C]nhớ giờ xa [Am]xôi người dấu [D7]yêụ\r\n\r\nTình đã [G]bay, người có [Em]hay,\r\nNgồi đếm [Am]lá rớt qua tầm [D]tay, bóng em đâu [Bm]rồi,\r\nTình như gió qua [Em]thềm.\r\n[C]Thu tàn lá khô [D7]rơi mùa đã [G]xa,\r\nMình mất [Em]nhau lòng vẫn [Am]nhớ đấu chân người [D]xưa\r\nVẫn đâu đây [Bm]còn nồng ấm những con [Em]đường.\r\nĐã [C]qua mùa băng [Am]giá,\r\nThân [D7]anh kiếp rong [G]buồn.\r\n\r\nCòn trong [G]anh từng nỗi nhớ theo anh [D]trong bóng [Em]đêm,\r\nĐường xưa [C]bước, lòng giá [D]băng từ nay mất [G]ngườị\r\nNgười yêu [C]hỡi, đời đã [D]chia tay từ đây mất [B7]ngườị\r\nCòn đâu [Em]nữa, từng đêm [C]nhớ giờ xa [Am]xôi người dấu [D7]yêụ', 3, NULL, 12, 3, 21, NULL, NULL, NULL, NULL, NULL, 'http://stream.mp3.zdn.vn/fsfsdfdsfdserwrwq3/241012da825142db28c3eff16b7979fa/518f4180/7/f1/7f1d553ba04c2d34a056ace3991a6b6b.mp3'),
(17, 'Mưa Trên Cuộc Tình', 'Từng hạt [C]mưa, rơi tí tách bên hiên nhà [Am] nàng\r\nLòng thầm [C] mong một ánh mắt, thấp thoáng mong [Em] chờ\r\nNgười yêu [F] hỡi, mãi mãi yêu [C] nàng\r\nEm dù [Am] biết, vẫn luôn hững hờ\r\nMặc cho [G] anh, đêm đêm vấn vương cuộc tình [G7] đôi ta\r\n\r\nGiọt buồn [C]rơi, rơi lặng lẽ, trên con đường [Am] dài\r\nMột mình [C] anh, lòng se sắt, với gió đông [Em] về\r\nRồi thôi [F] hết những ước mơ [C] dài\r\nMưa còn [Am] rớt, rớt trên nỗi sầu\r\nLạnh đôi [G] vai em ơi biết chăng tim anh [C] lẻ loi\r\n\r\nKỷ niệm [C] xưa, em ơi nhớ chăng\r\nBao lời [Am] yêu đã nói hôm nào\r\nTừng cơn [F] mưa đôi ta có nhau phút giây thần [C] tiên\r\nGiờ mình [Em] anh trên con phố xưa\r\nNgồi lặng [Am] lẽ ngắm mây dừng trời\r\nMặc [F] cho thời gian hờ hững xô nhau mãi [G7] đâu\r\n\r\nChuyện tình [C] yêu đôi ta rẽ dôi\r\nBao lời [Am] yêu đã vỗ cánh rồi\r\nThầm cầu [F] mong cho em hãy quên những kỷ niệm [C] xưa\r\nCuộc tình [Em] ta tan theo giấc mơ\r\nHình bóng [Am] cũ mãi trông về đâu\r\nGiờ [F] đã hết bao nhiêu yêu [G7]thương cô đơn lối [C] về...', 3, 44, 12, 3, 1, NULL, NULL, NULL, NULL, NULL, 'http://stream2.mp3.zdn.vn/fsfsdfdsfdserwrwq3/1cb6e2bda0fbbc92034c3f422b7bdc8f/518f42e3/2010/10/08/c/8/c83112f34b643fed44bdd89f481e0b52.mp3'),
(18, 'More Than I Can Say', 'Wow wow, yeah [C]yeah.\r\nI love you more than I can [Am]say.\r\nI''ll love you twice as much tomor- [Em]row.\r\nOh [Dm]Oh, Love you [G]more than I can [C]say.\r\nWow wow, yeah [C]yeah\r\nI''ll miss you every single [Am]day,\r\nWhy must my life be filled with [Em]sorrow.\r\nWow [Dm]woh. I love you [G]more than I can [C]say. [C7]\r\nWhy don''t you know I need you [F]so.\r\nOh tell me please I gotta [C]know.\r\nDo you mean to make me [D]cry. [D7]\r\n[Am]I just another [G] guy? [G7]', 3, 44, NULL, 2, 11, NULL, NULL, NULL, NULL, NULL, 'http://stream2.mp3.zdn.vn/fsfsdfdsfdserwrwq3/4e29e90ea9402baaf62bc0f0481ec9e9/518f4361/2012/09/27/6/9/69fbe41418da9e619ab4553527675bd3.mp3'),
(19, 'Nơi Ấy Bình Yên', '[Am] Giữa đêm tối nhớ về em [Dm] yêu. Như đại [G] dương nhớ trời [C] xanh.\r\nÔm lòng [F] đêm đón sầu [Dm] lên. Ôi nỗi [E] nhớ buồn tênh. [E] \r\nXa mù [Am] khơi gió về xôn [Dm] xao. Trái tim [G] đã lạc lối về bên [C] nhau.\r\nAnh chờ [F] em giữa lặng [Dm] câm. Nghe bão [E] tố trong [E] tim... \r\n\r\n[Am] Em ơi dù cho tình [Dm]mình đã xa quá,\r\nTrái [G] tim anh vẫn nhớ đến [C] em.\r\n[F] Anh nuôi niềm tin một [Dm] ngày nắng ấm\r\nXóa [G] tan đêm cô đơn ta tìm [C] nhau [E]\r\n\r\n[Am] Giữa lúc giông tố cuộc [Dm] tình ngỡ tan vỡ,\r\nTình [G] yêu ta trao nhau ngời [C] sáng hứ [Dm] hư hư hừ,\r\nCó [F] em trong đời với [G] anh nơi ấy bình [Am] yên. ', 3, 22, 21, 2, 21, NULL, NULL, NULL, NULL, NULL, 'http://stream.mp3.zdn.vn/fsfsdfdsfdserwrwq3/c882de2e67b8b2c1ff31fe86c574ddc6/518f43c4/6/16/616bf243b291e9120b70857c41b8a6f9.mp3'),
(20, 'Nối Vòng Tay Lớn', '[Em] Rừng núi dang [G] tay nối lại biển [Em] xa. \r\nTa [C] đi vòng tay lớn [Am] mãi để nối sơn [Em] hà.\r\n[D] Mặt đất bao [G] la anh em ta [Em] về. \r\nGặp [Am] nhau mừng như bão [G] cát quay [Em] cuồng trời rộng.\r\nBàn [B7] tay ta [Am] nắm nối tròn một vòng Việt [Em] Nam.\r\n\r\nCờ nối [G] gió đêm vui nối [Em] ngày.\r\nDòng máu [G] nối con tim đồng [D] loại.\r\nDựng tình [B7] người trong ngày mới.\r\nThành phố [G] nối thôn xa vời [Em] vợi.\r\nNgười chết [G] nối linh thiêng vào [D] đời.\r\nVà nụ [B7] cười nối trên [Em] môi.\r\n\r\n[Em] Từ Bắc vô [G] Nam nối liền nắm [Em] tay. \r\nTa [C] đi từ đồng hoang [Am] vu vượt hết núi [Em] đồi.\r\n[D] Vượt thác cheo [G] leo tay ta vượt [Em] đèo. \r\nTừ [Am] quê nghèo lên phố [G] lớn nắm [Em] tay nối liền.\r\nBiển [B7] xanh sông [Am] gấm nối liền một vòng tử [Em] sinh. (x4)', 1, 45, 46, 2, 11, NULL, NULL, NULL, NULL, NULL, 'http://stream2.mp3.zdn.vn/fsfsdfdsfdserwrwq3/d59e1142af4618091bdbba83d34951c1/518f4476/2011/07/19/d/4/d40425d453473cda7786e64f0f25df8f.mp3'),
(21, 'Nồng Nàn Hà Nội', 'Dạo đầu: G-D-Am-Em\r\n\r\n[G]Bước (phách 2) xuống phố sáng tinh [D]mơ\r\nDạo qua góc công [Am]viên, thấy bao [Em]điều\r\nNgười người chào bình minh đang [G]đến\r\nNhìn cụ già tập dưỡng [D]sinh\r\nSao trong tâm ta thấy bình [C]yên\r\nMột Hà Nội rất thân [D]quen...\r\n\r\nBright:\r\n[F] Mặt (phách 2) trời hồng rạng [G]rỡ , phố xa bỗng như càng đông [D]hơn\r\n[F] Nhìn (phách 2) dòng người vội [G]vã nối những chiếc xe dài lê [A]thê ế ê ế ê (A)\r\n\r\nChorus :\r\n[C] Đưa (phách 2) em đi qua phố [Am]phường, bao sắc màu, bao ánh [F]đèn\r\nNgồi ăn một quán ven [D]đường, Hà Nội nhẹ nhàng ấm [Am]áp\r\nDịu dàng đậm chất [Em]thơ. Một ngày [F]xa, một cảm giác... lòng chợt [G]nhớ...\r\n\r\n[C] Đưa (phách 2) em đi qua thằng [Am]trầm, bao tháng năm đã úa [F]màu\r\nGọi tên từng phố [G]cổ, chiều nhạt nhoà Hồ Gươm lung [Am]linh\r\nNgọt ngào hoa sữa [Em]thơm, Gọi mùa thu về thật [F]lâu\r\nĐể ta [G]biết... nồng [Am]nàn \r\n\r\n(G-Am)x4', 3, 47, 47, 3, 5, NULL, NULL, NULL, NULL, NULL, 'http://stream.mp3.zdn.vn/fsfsdfdsfdserwrwq3/8e138677b3c172565a616841a47b60f9/518f969d/d/e6/de6a66f1272fb382968212f5bd1d874c.mp3'),
(22, 'Papa', '[Am]Nhớ những năm xa xưa. Giờ cha đã [Dm]già với bao sầu lo.\r\nNhớ đến năm xưa còn bé . Đêm đêm [E]về cha hôn chúng [Am]con\r\nMãi khắc [Am]ghi trong tim. Lời khuyên của người chứa chan tình [Dm]thương.\r\nHãy sống sao cho thật tốt. Không cho [E]đời ai chê trách [Am]ta.\r\nSống với Ba êm đềm rồi con lớn dần, cứ theo thời [Dm]gian, \r\nĐã thấy da mồi tóc sương, Ba cũng [E]già đi theo tháng [Am]năm. \r\n\r\n[F]Con ghi [E]nhớ bao yêu thương gian lao cha chở [Am]che\r\n[F]Luôn bên con dẫn [G]con hiên ngang [E]đi trên đường [E]đời           \r\n[F]Cha yêu [G]hỡi! Trong tim con luôn khắc [Am]ghi \r\n[F]Công ơn cha muôn [G]đời vẫn luôn còn [E]mãi!\r\n\r\n[Am]Sẽ còn đó ngày tháng cùng với cha [E]tương lai con thăng hoa \r\nNhớ cha luôn đi bên con, dẫu hình [Am]bóng người đã giờ khuất \r\n[Am]Tiếng cười nói và những lời chưa chan, [E]cha ơi con mang theo\r\nDáng cha in trong tim con, dẫu hình [Am]bóng người đã giờ khuất...', 3, 44, NULL, 2, 11, NULL, NULL, NULL, NULL, NULL, 'http://stream2.mp3.zdn.vn/fsfsdfdsfdserwrwq3/5146a42b6e988044bd0bf1825853c441/518f982c/2011/06/15/4/5/456405a69141ad1f8e49b587463f7856.mp3'),
(23, 'Quỳnh Hương', '[C] Ta mang cho em một đóa quỳnh. Quỳnh thơm hay môi em thơm.\r\nEm [Dm] mang cho ta một chút [G7] tình. Miệng cười khúc khích trên [C] lưng.\r\nĐêm ngày đêm, buồn bã với những môi [Dm] hôn.\r\n[G] Trong vườn trăng, vừa khép những đóa mong [C] manh.\r\n\r\n[C] Ta mang cho em một chút buồn. Vì ta như sông lênh đênh.\r\nMôi [Dm] em cho ta một cánh [G7] hồng. Lụa là phút ấy chưa [C] quên.\r\nThôi chào em, về giữa phố xá thênh [Dm] thang.\r\n[G] Không gì vui, thì hãy gắng nhớ đôi [C] lần.', 3, 45, 48, 2, 11, NULL, NULL, NULL, NULL, NULL, 'http://stream2.mp3.zdn.vn/fsfsdfdsfdserwrwq3/fe28c65a316c3eefa555cf1f865c67f6/518f98ef/2011/05/31/9/c/9ceed2df536d576934a4932cb42551c9.mp3'),
(24, 'Cho Bạn Cho Tôi', 'Ngày [C] xưa thật nghe hồn nhiên. Là [Am] tôi mộng mơ thần tiên.\r\nTrong [F] ánh nắng mới ấm áp [G] của tình bạn thân.\r\nNgày [C] xưa phượng rơi đầy sân. Đàn [Am] ca hồn tôi nhẹ lâng.\r\nBiết [F] đâu mai đây là nơi tôi [G] đến.\r\n[F] Khi người trao niềm tin. [Am]Đưa bàn tay lên trái tim mình.\r\n[F] Cho bao nhiêu đam mê vang theo lời [G] hát.\r\nLời [C] ca còn mãi cho bạn cho tôi.\r\nTình [Am] yêu còn mãi trong trái tim này.\r\n[F] Để cuộc đời còn mãi bao nhiêu niềm [G] vui.\r\nLời [C] ca còn mãi cho bạn cho tôi.\r\nTình [Am] yêu còn mãi trong trái tim này.\r\nTừng nụ [F]hoa còn đẹp [G#] mãi có [G]nhau trong [C] đời.', 3, 21, 21, 2, 22, NULL, NULL, NULL, NULL, NULL, 'http://stream2.mp3.zdn.vn/fsfsdfdsfdserwrwq3/2be2d8e659f3562c5f5117312dcf3e92/518f997c/2010/11/30/b/1/b1f89b7656e7dcbfd137ee2fca98b21c.mp3'),
(25, 'Giấc Mơ Chapi', 'Ở nơi [Em] ấy tôi đã [G] thấy trên ngọn núi cao\r\nCó hai [C] người, chỉ có hai [Em] người yêu [Am] nhau [Em] \r\nHọ đã [Em] sống không mùa [G] đông không mùa nắng mưa\r\nCó một [C] mùa, chỉ có một [Em] mùa yêu [Am] nhau [Em] [Am] [C] [Em]\r\nỞ nơi [G] ấy đàn dê trắng nhởn nhơ quanh [Am] đồi\r\nMột mái tranh [C] nghèo một nhà [B7] sàn yên vui\r\nỞ nơi [G] ấy họ đang sống cuộc sống yên [Am] bình\r\nAi [Am] nghèo cũng có cây [Em] đàn cha [G] pi\r\nKhi rung [Am] lên vài sợi dây đàn đã đong [C] đầy hồn [B7] người [Em] Raglai\r\nÔi [C] Raglai những rừng cây ngọn núi mang tiếng [G] đàn Cha pi [Em]\r\nAi [C] yêu tự do yêu rừng xanh thì lên núi nghe [G] đàn Cha pi [Em]\r\nTôi [Am] yêu Cha pi không còn cô đơn, không [Em] buồn, không [Em] vui\r\nTôi [Am] nghe Cha pi chợt thấy nao [C] lòng vì một [B7] giấc mơ, ôi Cha [Em] pi\r\n[Em] Cha pi [C] , Cha [D] pi, [C] Cha pi, [D] Cha pi, [D] ôi Cha pi [Em]', 3, 49, 49, 2, 22, NULL, NULL, NULL, NULL, NULL, 'http://stream.mp3.zdn.vn/fsfsdfdsfdserwrwq3/40f663bab342cac5cfb4da7641381a32/518f9a69/7/54/75456900098540cebbee12457c9a3af1.mp3'),
(26, 'Sài Gòn Cafe Sữa Đá', 'G Em C D\r\n[G]Cho tôi một ly [Em]cafe, cafe sữa [C]đá [D]\r\n[G]Cho tôi ngồi bên [Em]hàng cây, hàng cây tán [C]lá [D]\r\n[G]Cho tôi đc nhìn con [Em]đường xa xa\r\nDòng [C]người dòng đời ngày [D]ngày trôi qua\r\n[G]Cho tôi dừng [Em]chân ở nơi, ở nơi quán [C]xá bên [D]đường \r\n[G]Sài Gòn cafe sữa [Em]đá\r\n[C]Vẫn mãi như thế, ai [D]uống hay chưa?\r\n[G]Sài Gòn hàng cây ghế [Em]đá\r\n[C]vẫn cứ như thế, khi [D]nắng khi mưa\r\n[G]Nắng sớm, mưa chiều\r\n[Em]Muốn nói, bao điều\r\n[C]Người người còn nhắc đến mai [D]sau\r\n[G]Sài Gòn cafe sữa [Em]đá\r\nvẫn sẽ như [C]thế, khi đón khi [D]đưa\r\n\r\n[Verse 2]:\r\nNơi đây là nơi bọn tôi vẫn nhớ như là mới hôm qua\r\nNgồi cafe nơi công viên quán xá bên đường có đâu xa\r\nHuyên thuyên cùng nhau vài câu chuyện, rồi lại bận bịu lo việc riêng\r\nĐôi khi ngồi chơi, nghỉ ngơi chốc lát, khi đời mãi bôn ba', 3, 50, 50, 2, 21, NULL, NULL, NULL, NULL, NULL, 'http://stream2.mp3.zdn.vn/fsfsdfdsfdserwrwq3/29d299e0ef7a5b69123541a2792235b7/518f9b31/2011/11/28/b/0/b0fe494adf1d89200d5d9d83a7312c8b.mp3'),
(27, 'Thằng Tàu Lai', '[C]Thằng bạn mình mẹ người [G]Hoa bố nó ta. \r\nThằng tàu [Am]lai rất bô [Em]trai.\r\n[F] Nhớ lúc đó 2 thằng [C] chơi thân nhất vùng.\r\n[Dm] Đi đâu cũng điệu [G]áo quần giống nhau.\r\n\r\n[C] Và còn người chị nguời gì [G]đâu mà dễ thương, \r\nngười thì [Am]cao, dáng thanh [Em] tao.\r\n[F] Nhớ lúc đó tôi thường [C]hay đến nhà,\r\n[Dm]tôi chỉ mong đươc thấy chị [G]thôi.\r\n\r\n[C] Và từng ngày từng ngày [G]tôi cứ đến chơi nhà,\r\nthằng tàu [Am]lai tôi ở đến mai [Em].\r\n[F] Có lúc cả 3 cùng [C]chơi 5,10.\r\n[Dm] Tôi chỉ mong nhìn thấy chị [G]thôi.\r\n\r\n[C]Ngày tháng ấy là ngày tháng dấu yêu, \r\n[F] tình yêu tôi như trẻ thơ không [G] biết ngày mai.\r\nVà [C]rồi mỗi tối một mình tôi nhớ [Am] thương, \r\n[F] tình yêu như con tim không [G] bóp mà đau.\r\n\r\n[C]Rồi một ngày một ngày [G]tôi đến chơi nhà, \r\nthằng tàu [Am]lai nó nói tôi [Em]hay, \r\n[F] khoá tới nữa xong là chị [C] đi lấy chồng,\r\n[Dm] tôi thấy như trời [G]đất cuồng quay.\r\n\r\n[C]Giận một thời gian [G]tôi chẳng muốn sang nhà,\r\nthằng tàu [Am]lai nó đến thăm [Em]tôi .\r\n[F]Nó nói với tôi chị đi mất [C] rồi, \r\n[Dm]hai đứa đau chỉ [G]biêt nhìn nhau...đau...đau...đau...', 1, 41, 51, 2, 16, NULL, NULL, NULL, NULL, NULL, 'http://stream2.mp3.zdn.vn/fsfsdfdsfdserwrwq3/3dd42ae264f387f14a96ecba88678eed/518f9bb1/2011/04/07/4/e/4eed8a03b6b5bf9f25c9eb25d461aa0c.mp3'),
(28, 'Tìm Lại (Dm)', '[Dm]Chẳng [Bb]muốn nghe [F]gì. Chẳng [C]muốn [Dm]tìm ai \r\nĐôi [Bb]mắt luôn [F]tìm, tìm [C]về                    \r\n[Dm]Người [Bb]nhếch môi [F]cười. Người [C]như hụt [Dm]hoi                       \r\nNgười [Bb]khóc trong [F]lòng. Thế [C]rồi\r\n                                     \r\n[Dm]Tìm lại đi hãy [Bb]tìm lại trong mỗi [F]người                             \r\nĐể ta không [C]thấy ta như lúc [Dm]này                            \r\nĐường xa quá [Bb]dài roi ta mệt [F]nhoài \r\nVì ta không [C]đứng bên nhau nữa [Dm]rồi \r\n          \r\nNgồi đếm sao tàn. Ngồi nhớ ngày xưa            \r\nCạn hết đêm này. Hết rồi            \r\nNgồi xuống đây bạ. Cạn chén rượu kia  \r\nCạn hết đêm này.Hết rồi \r\n        \r\nNữa rồi , nữa rồi …                  \r\nNữa rồi , nữa rồi … \r\n[Dm] [Bb] [F] [C]', 3, 52, 52, 2, 11, NULL, NULL, NULL, NULL, NULL, 'http://stream.mp3.zdn.vn/fsfsdfdsfdserwrwq3/9c17942250fdaa338646ba2119b0ebe1/518f9c1d/7/12/712713919a03bb8c9873a7caabe08f4a.mp3'),
(29, 'Tình Khúc Vàng', '[Am]Anh nghe mùi hương trên tóc [Em]quen nồng nàn.\r\n[D]Anh nghe tình em nghe tinh [Em]em chứa chan.\r\n[Am]Anh nghe bàn tay trong bàn [Em]tay nhẹ nhàng.\r\nVới [G]người đời hé môi [E7]cười...\r\n\r\n[Am]Anh nghe niềm vui trên phố[Em]đông rộn ràng \r\n[D]Anh nghe tình yêu bên tình yêu[Em]hát vang\r\n[Am]Anh nghe bờ vai bên bờ [Em]vai dịu dàng\r\nNgỡ [G]ngàng cùng ánh chiều [Am]sang\r\n\r\n[G]Hoh... [E7]Hoh...\r\n\r\nNgồi bên [Dm]em cung đàn hát [Am]lên tình khúc vàng.\r\n[G]Bao nhiêu âu lo đời vụt [C]tan.\r\nNgày [Dm]mai xa nhau rồi, phút [Am]giây còn muôn lời\r\n[G]Em ơi, bao nhiều chiều chưa [E7]nói...\r\n\r\n[Am]Nhớ từng hàng cây,[Dm]nhớ từng con phố,\r\nbước [G]theo em bâng khuâng hỡi tình [C]say.\r\n[Am]Nhớ về dòng sông,[Dm]ấm lòng mùa đông,\r\nNụ [G]hôn ta chơi với theo con [E7]sóng.\r\n[Am]Gởi tình vào mây,[Dm]gởi tình vào gió.\r\nCó [G]xa nhau xin đừng tàn [C]tro.\r\n\r\n[Am]Muốn là dòng sông, [Dm]lững lờ mùa đông,\r\nôm [G]em trong giấc [E]mơ tình khúc[Am] vàng', 4, 53, 12, 2, 20, NULL, NULL, NULL, NULL, NULL, 'http://stream2.mp3.zdn.vn/fsfsdfdsfdserwrwq3/367bbfe89dbcbb33d77a82367b2db169/518f9c8d/2010/10/08/5/1/51de7e54c4f821fb09c87e8317210381.mp3'),
(30, 'Tình Thôi Xót Xa', '[C] Từ khi quen em anh đã [Em] biết bối rối. Vì những [F] lúc thoáng [G] nghe em [C] cười.\r\nAnh đã [F] biết con [G] tim yêu [Em] em mất [Am] rồi. Người yêu [F] ơi xin [D7] em chớ [G] quên.\r\n[C] Mùa xuân trên cao ngàn hoa [Em] lá lấp lánh nắng. Nụ hôn [F] thơ ngây [G] trao anh [C] rồi.\r\nEm yêu [F] kiều thiết [G] tha cho [Em] hồn đắm [Am] say. \r\nCuộc [Dm] tình ngỡ dài [F] lâu ngủ [D7] say vòng tay êm [G] ái.\r\n\r\n[C] Anh nào [Am] biết [C] anh nào có [Am] hay. Hạnh [C] phúc trôi qua [Em] tay giấc mộng tan.\r\n[F] Lòng cay đắng khi [Em] em quên lối [Am] hẹn. [F] Lời yêu lời thương em đã [G] quên.\r\n[C] Nhưng lòng [Am] vẫn [C] nuôi hoài giấc [Am] mơ. Tình [C] sẽ không phôi [Em] pha như là mây.\r\n[F] Có nhiều [G] đêm trong [Em] mơ anh vẫn [Am] chờ. Chờ em [F] đến tình [G] thôi xót [C] xa.', 3, 22, 21, 3, 22, NULL, NULL, NULL, NULL, NULL, 'http://stream2.mp3.zdn.vn/fsfsdfdsfdserwrwq3/5f3ccc0904a405c73204813874966b7b/518f9ccd/2010/10/30/1/6/1619a78bda378f1a275981cb451ebc0b.mp3'),
(31, 'Tình Yêu Lung Linh', '[Am]Ngày xưa đôi ta thường [Em]hay mơ.\r\nVì ngày [Dm]mai nào ai có [C]ngờ.\r\n[F]em là nàng công [Em]chúa.\r\nĐợi chờ [F]anh một ngày trong [Am]xanh.\r\n\r\nThời gian trôi nhanh cùng [Em]yêu thương.\r\nGiờ trường [Dm]tan có anh cuối [C]đường.\r\n[F]Em cuời thật nhiều, [G]nói cười thật nhiều.\r\n[Em7]Long lanh hạnh phúc về [Am]qua đây.\r\n\r\nMột tình [G]yêu lung linh đẹp [D]sao.\r\nMà vụt [Am]tan yêu thương ngàn [F]sau.\r\nNguời ra [Em]đi còn riêng [G]em chênh vênh tháng [C]ngày. [E7]\r\nLời chia [G]tay câm nín trong mắt [D]nhau.\r\nLời chia [Am]tay nào ai nói [F]đâu.\r\n[G]Nghe trong tim đau [Em]bao nhiêu yêu thương tan [C]vỡ. [E7]\r\n\r\n[Am]Những ngày nào mới tình nồng [F]thắm nụ hồng sẽ không nhạt [G]phai trong trái [C]tim mình.\r\n[F]Nhớ một người nhớ nụ cuời [G]xa thật rồi ấm êm vòng [Am]tay [E7].\r\n[Am]Mắt buồn nào ướt thật nhiều [F]khóc thật nhiều phút giây rời [G]xa bỗng nhiên [C]khóc òa\r\n[F]Mối tình này dẫu ngàn lời [Em]sẽlặng thầm mãi riêng tình [Am]em.', 4, 53, 54, NULL, 20, NULL, NULL, NULL, NULL, NULL, 'http://stream2.mp3.zdn.vn/fsfsdfdsfdserwrwq3/d77d059969c9ea4e9975390f894cca03/518f9d5e/2010/10/15/9/5/951b5d46ac382d10e726db7d8606f559.mp3'),
(32, 'Tình Đơn Phương', '* Capo bậc 1\r\nNhiều [Em]lần ngập ngừng muốn ngỏ [G]ý.\r\nTiếng yêu [Bm]đương sao không thành [Em]câu.\r\nSợ [Em]rằng đường về không còn [G]xa.\r\nĐể bên [Bm]em anh đưa lối [Em]về.\r\n\r\nNhiều [Em]lần trộm nhìn em thật [G]lâu.\r\nNét thơ [Bm]ngây chưa vương sầu [Em]đau.\r\nNàng [Em]đẹp tựa ngàn muôn ánh [G]sao.\r\nDịu dàng mong [D]manh em xinh như cành hoa [Em]đào.\r\n\r\nTình đơn [G]phương.\r\nĐôi [Bm]khi thấy em cười [Am]vui lòng anh xao [G]xuyến.\r\nNàng ơi [C]hay biết chăng. [Bm]Anh đã yêu từ [Em]lâu.\r\n\r\nĐK:\r\n[Em]Đôi khi bên em thơ ngây.\r\n[Am]Mà dằn lòng đừng nói ra.\r\n[Am]Nghe con tim trinh nguyên vương tình [Em]sao mãi mãi.\r\n[C]Sợ nụ hồng phai [D]nhanh.\r\nEm hờn em [B]dỗi em mang cô đơn trên lối về…\r\n\r\n[Em]Anh xin yêu em đơn phương.\r\n[Am]Thà rằng mình đừng nói ra.\r\n[Am]Để mai đây bên em ta chung [Em]về lối cũ.\r\n[C]Dù lòng nhiều đớn [D]đau. Yêu em từ [Em]lâu.', 3, 41, 12, 3, 21, NULL, NULL, NULL, NULL, NULL, 'http://stream.mp3.zdn.vn/fsfsdfdsfdserwrwq3/ef31e05fd6b882e58974e1d347b85990/518f9e19/2/79/27932bd263852e4dffc6bfe5ff78ccb4.mp3'),
(33, 'Vì Sao Thế', 'Đến làm [C]gì để rồi nay em ra [Em]đi. Đến làm [C]gì  để [Em]long anh phải nhớ [G]em. \r\nVẫn còn [Am]đây  tiêng nói yêu [G]anh, vẫn còn [Em]đây những phút vui [Am]buồn. \r\nChỉ [Dm]mỗi riêng em không còn đây (Dm/B) không gian vắng lặng[G]\r\n\r\nCó bao giờ [C] thật lòng yêu anh không [Em]em.\r\nCớ sao [C]người vội [Em]vàng trao anh tiếng [G]yêu. \r\nĐể lòng [C]anh  mang bao niềm [Am]đau  mãi trách thân [Em]mình vì để mất [Am]em.\r\nNhưng mà [F]vì sao em ra đi cho từng [Dm]ngày yêu thương bên nhau vụt [G]tan. \r\n\r\nNgười hãy [C]nói  với anh vì sao thế, [Am]nói  với anh vì sao lòng, [F]ta  yêu nhau lại không thể bên [G]nhau\r\nPhải chăng [Am]trong trái tim của chính em, [G]không  mang theo lời yêu em đã [C]nói với [G]anh. \r\nĐành lòng [C]cất bước quay mặt đi mãi [Am]cất  bước quay mạt đi không về. [F]không cho anh 1 câu khi chia [G]lìa.\r\nChẳng cho [Am]anh  biết được 1 lý do.[G]Sao tim anh phải sống trong cô [C]đơn........... ', 3, 55, 55, 3, 21, NULL, NULL, NULL, NULL, NULL, 'http://stream2.mp3.zdn.vn/fsfsdfdsfdserwrwq3/587ab9be42024a7ab1245264d3bb774e/518f9ecf/2010/10/05/f/7/f75cb3ad171868350400918624443af2.mp3'),
(34, 'Với Anh Em Vẫn Là Cô Bé', '[C]Có những đêm anh nằm lòng thao thức \r\n[Am]Có những đêm anh cần phải suy nghĩ \r\nVề [F]anh về em về nhau, về bao chuyện lâu nay\r\nĐể[Dm] đêm nằm nghe thời gian lê [G]bước những bước dài\r\n\r\n[C]Đối với anh em vẫn là cô bé\r\n[Am]Những nghĩ suy trong đầu còn non nớt\r\nChẳng [F]lo ngày nay ngày sau đến\r\nCòn [Dm]mơ tình yêu sẽ như [G]những giấc mơ nhiệm màu\r\n\r\n[E7]Dù rằng anh sẽ cố, dành trọn thời [Am]gian để luôn bên em\r\n[E7]Dành vòng tay âu yếm, lắng nghe buồn [Am]vui của em mỗi đêm\r\nNhưng [Dm]biết sau này cuộc sống không đẹp\r\nTựa [G]như giấc mơ chính em đang mơ\r\n\r\nTình yêu non [C]nớt em dành\r\nNhỏ xinh và [E7]rất vô tư\r\nNụ cười [F]em đó khi kề [G]bên anh\r\nChỉ biết [E7]khóc khi mong nhớ [Am]anh thôi\r\n[F]Đó cũng chính những lúc anh [G]lo\r\n\r\nNgày mai cô [C]bé hôm nào\r\nGiờ như giọt [E7]nắng lung linh\r\nChờ em [F]mau lớn trong tình [G]yêu thương\r\nVà những [E7]nghĩ suy sẽ lớn theo [Am]em\r\n[Dm]Đó là lúc giấc mơ được [G7]nhiệm màu', 3, 56, 57, 3, 5, NULL, NULL, NULL, NULL, NULL, 'http://stream2.mp3.zdn.vn/fsfsdfdsfdserwrwq3/1baccb3f6c0bc471e97eb47ca0e7ebae/518f9f20/2013/01/28/a/b/abf2b330563f500ce80c1ca023a6ee66.mp3'),
(35, 'Người Tình Trăm Năm', '[Em]Đến một ngày, [D]một ngày nào đó [Am]  \r\nEm xa anh [G/B7]một ngày nào đó     \r\nAnh [Em]nhớ có một lần, [D]một lần mình nói [Am]  \r\nTa yêu nhau[G/B7]có vầng trăng làm chứng  \r\nBầu [Em]trời nhiêu sao sáng đêm [D]nay    \r\n[Am]Nhiều như những [D]gì mình muốn [G/B7]có     \r\nMột [Em]lần đã trọn vẹn ái [Am]ân   \r\nVới [Am]anh em mãi [Em]là người [D]tình trăm [Em]năm [B7]\r\n \r\nVà [Em]nếu như có một ngày, [D]một ngày nào đó [Am] \r\nEm sang ngang [G/B7]một ngày nào đó    \r\nAnh [Em]xin chúc em được, [D]được nhiều hạnh [Am]phúc     \r\nCho em luôn luôn  [G/B7]được gì em muốn    \r\nBầu [Em]trời nhiều sao sáng đêm [D]nay   \r\n[Am]Nhiều như những [D]gì mình đã [G/B7]có     \r\nMột [Em]lần đã trọn vẹn hiến [Am]dâng   \r\nVới [Am]Anh em mãi [Em]là người [D]tình trăm [Em]năm  \r\n  \r\n[Em]Nhưng vòng tay yêu dấu đã xa [Am]rồi   \r\n[D]Như con tàu ra [G/B7]khơi    \r\n[Em]Đến một ngày nào đó em sẽ biết [Am]rằng    \r\n[D]Anh yêu em nhiều bao [G/B7]nhiêu    \r\nBầu [Em]trời nhiều sao sáng đêm [D]nay    \r\n[Am]Nhiều như những [D]gì mình đã [G/B7]mất    \r\nMột [Em]lần đã trọn vẹn hiến [Am]dâng   \r\nVới [Am]anh em mãi [Em]là người [D]tình trăm [Em]năm  \r\n \r\nVà [Em]nếu như có một ngày, [D]một ngày nào đó [Am]   \r\nEm quên anh [G]một ngày nào [G/B7]đó    \r\nNhững ân [Em]tình nhạt [D]nhòa phai dấu [Am]   \r\nTrong con tim  [G/B7]chẳng còn thương đau    \r\nBầu [Em]trời nhiều sao sáng đêm [D]nay    \r\n[Am]Nhiều như những [D]gì mình đã [G/B7]mất    \r\nMột [Em]lần đã trọn vẹn hiến [Am]dâng   \r\nVới [Am]anh em mãi [Em]là người [D]tình trăm [Em]năm ', 3, 72, 72, 2, 5, NULL, NULL, NULL, NULL, NULL, 'http://mp3.zing.vn/bai-hat/Nguoi-Tinh-Tram-Nam-Duc-Huy/IWZAA60O.html'),
(36, 'Nơi Tình Yêu Bắt Đầu', '[Em]Ta quen nhau đã [C] bao lâu rồi, hỡi [D] đêm đêm có hay, \r\n[C]mà giọt buồn hoài vương [D] trên môi mặn đắng [G] .\r\n[Em]Ta quen nhau đã [C] bao lâu rồi, hỡi [Bm]đêm sao vẫn [Em] mãi đêm dài [C] \r\nđể mình ta với [D] con tim khô cằn [Em]giá băng . \r\n\r\n[Em]Đêm hôm qua bỗng [C]nhiên anh nhìn thấy [D]em trong giấc mơ,\r\n[C]mình ngồi cạnh thật lâu [D]bên nhau lặng lẽ. \r\n[Em]Đêm nay mơ bỗng [C]nhiên anh lại nhớ [Bm]em trong cơn gió đông [C]về.\r\nPhải chăng khi biết [D]yêu, giắc mơ là nơi bắt [Em]đầu. \r\n\r\n[Chorus]:\r\nNày mùa đông ơi xin [C] hãy làm tuyết [D] rơi để [Bm] chắn lối em anh [Em] về. \r\nNày mùa đông ơi xin [C] hãy làm tuyết [D] rơi để [Bm] em biết anh cần [Em] em. \r\nVà thời gian ơi xin [C] hãy ngừng chốn [D] đây để [Bm] những dấu yêu đong [Em] đầy. \r\nMột vòng tay anh khao [C] khát 1 giấc [D] mơ, anh [Bm] đã yêu em người [Em] ơi.\r\n\r\nĐêm hôm qua bỗng nhiên em nhìn thấy anh trong giấc mơ,mình ngồi cạnh thật lâu bên nhau lặng lẽ. \r\nĐêm nay mơ bỗng nhiên em lại nhớ anh trong cơn gió đông về . \r\nPhải chăng khi biết yêu, giắc mơ là nơi bắt đầu. \r\n\r\nNày mùa đông ơi xin [F] hãy làm tuyết [G] rơi để [Em] chắn lối em anh [Am] về. \r\nNày mùa đông ơi xin [F] hãy làm tuyết [G] rơi để [Em] em biết anh cần [Am] em. \r\nVà thời gian ơi xin [F] hãy ngừng chốn [G] đây để [Em] những dấu yêu đong [Am] đầy. \r\nMột vòng tay anh khao [F] khát 1 giấc [G] mơ, anh [Em] đã yêu em người [Am] ơi.', 3, 73, 74, 3, 5, NULL, NULL, NULL, NULL, NULL, 'http://mp3.zing.vn/bai-hat/Noi-tinh-yeu-bat-dau-Bui-Anh-Tuan/IW9I6U06.html'),
(37, 'Em Không Quay Về', 'C G Am F\r\nKể từ [C]khi người đi mùa đông càng rét thêm…\r\n[G]Cho lòng anh ngày đêm nghĩ đến em…\r\n[Am]Anh vẫn luôn nhớ về…\r\nTừng lời ta cùng nhau ước [F]thề…\r\n\r\nNhưng giờ [C]đây tình yêu đã vỡ tan…\r\n[G]Để mình anh chìm vào từng nỗi nhớ miên [Am]man…\r\nLang thang nơi [F]đó…\r\n\r\n\r\n[D]Nơi yên vui nay [C]đã mãi xa một [Am]người chỉ còn nỗi [G]nhớ\r\nĐành lạc loài [D]chơ vơ như cánh [C]én mãi nơi phương [F]nào…\r\n\r\nVà giờ người ra [C]đi…trong con tim không nghĩ [G]suy…\r\nĐể lệ hoen đôi [Am]mi anh cần chi những hoài nghi khi em không trở [F]lại\r\nChỉ còn lại đôi [C]vai…Trong cơn mưa không có [G]ai\r\nLời ngọt ngào bên [Am]tai về ngày mai anh đã sai…\r\nEm không quay [F]về…Vì em không quay [C]về…', 3, 75, 75, 3, 5, NULL, NULL, NULL, NULL, NULL, 'http://mp3.zing.vn/bai-hat/Em-Khong-Quay-Ve-Hoang-Ton-Yanbi/ZW667FDW.html'),
(38, 'Và Con Tim Đã Vui Trở Lại', 'Intro: [C] [F] [G] [C]\r\n\r\nTìm một con [C]đường. \r\nTìm một lối [F]đi. \r\nNgày qua [Dm]ngày. \r\nĐời nhiều vấn [C]nghi\r\n\r\nLạc loài niềm [Am]tin. \r\nSống không ngày mai. \r\nSống [G]quen không ai cần ai\r\nCứ [F]vui [Dm7]cho trọn hôm [G7]nay\r\n\r\nRồi cuộc vui [C]tàn, \r\nmọi người bước [F]đi. \r\nMột mình tôi [Dm7]về, \r\nnhiều lần ướt [C]mi\r\n\r\nChờ tình yêu [Am]đến trong ánh nắng mai. Xóa [G]tan màn đêm u tối.\r\nCho tôi biến [F]đổi tâm [G]hồn thành một người [G]mới\r\n\r\nVà con [C]tim đã vui trở lại. \r\nTình yêu [C]đến cho tôi ngày [Dm]mai\r\nTình yêu [Dm7]chiếu ánh sáng vào [F]đời. \r\nTôi hy [G7]vọng được ơn cứu [C]rỗi.\r\n\r\nVà con [C]tim đã vui trở lại. \r\nVà niềm [C7sus4]tin đã dâng về [F]người.\r\nTrọn tâm [G]hồn nguyện yêu [F]mãi riêng người mà [C]thôi...', 3, 72, 72, 3, 5, NULL, NULL, '2013-06-15', 'admin', 'Unpublished', 'http://mp3.zing.vn/bai-hat/Va-Con-Tim-Da-Vui-Tro-Lai-Duc-Huy/ZWZAOZ7E.html'),
(39, 'Ai Đưa Em Về', 'Đêm [G]nay ai đưa em [Em]về \r\nĐường [C]khuya sao trời lấp [Am]lánh \r\nĐêm nay anh đưa em [D]về \r\nMắt em sao chiếu long [G]lanh\r\n\r\nĐêm [G]nay khi em đi [Em]rồi \r\nĐường [C]khuya riêng một mình [Am]tôi \r\nĐêm nay khi em đi [D]rồi \r\nTôi về đếm bước lẻ [G]loi [G7]\r\n\r\nNgười yêu [C]ơi trong tình muộn \r\nNgười yêu [G]ơi trong tình buồn \r\nTrọn tình [A]yêu ta đã trao [D]nhau \r\nHãy quên niềm [G]đau [G7]\r\n\r\nThời gian [C]ơi xin dừng lại \r\nThời gian [G]ơi xin dừng lại \r\nCho đôi tình [A]nhân yêu trong muộn màng \r\nĐừng khóc ly [D]tan \r\n\r\nĐêm [G]mai ai đưa em [Em]về \r\nMình [C]em trên hè phố [Am]vắng \r\nĐêm mai ai đưa em [D]về \r\nMắt em lệ ướt long [G]lanh \r\n\r\nĐêm [G]mai không ai đưa [Em]về \r\nNgười [C]ơi xin đừng hờn [Am]dỗi \r\nĐêm mai cô đơn đi [D]về \r\nXin người hãy nhớ tình [G]tôi ', 3, 76, 11, 2, 21, NULL, NULL, '2013-06-15', 'admin', 'Unpublished', 'http://mp3.zing.vn/bai-hat/Ai-Dua-Em-Ve-Dam-Vinh-Hung/ZWZ9ZUD6.html'),
(40, 'Ai Lên Xứ Hoa Đào', 'Ai [C]lên xứ hoa đào dừng [F]chân bên hồ nghe chiều [G/C]rơi \r\nNghe [Dm]hơi giá len vào hồn [F]người chiều xuân mây êm [G/C]trôi \r\nThông [F]reo bên suối vắng, lời [C]dìu dặt như tiếng tơ, \r\nXuân [Dm]đi trong mắt biếc lòng dạt [G]dào nên ý [C]thơ. \r\nNghe [Dm]tâm tư mơ ước mộng đào [G]nguyên đẹp như chuyện ngày [C]xưa\r\n\r\nAi [C]lên xứ hoa đào đừng [F]quên bước lần theo đường [G/C]hoa \r\nHoa [Dm]bay đến bên người ngại [F]ngần rồi hoa theo chân [G/C]ai. \r\nĐường [F]trần nhìn hoa bướm rồi lòng [C]trần mơ bướm hoa, \r\nLâng [Dm]lâng trong sương khói rồi bàng [G]hoàng theo khói [C]sương, \r\nLạc [Dm]dần vào quên lãng rồi đường [G]hoa lặng bước trong lãng [C]quên. \r\n\r\n[F]Ôi! màu hoa [C]đào, màu hoa [Dm]đào chiều xuân [G]nào. \r\n[F]Ôi!màu hoa [C]đào như môi [F]hồng người mình [C]yêu \r\n[Dm]Ôi!màu hoa [G]đào đã bao lần vì màu hoa \r\nmà lữ [D]khách lắng hồn [G]thơ dừng chân lãng du. \r\n\r\nAi [C]lên xứ hoa đào đừng [F]quên mang về một cành [G/C]hoa \r\nCho [Dm]tôi bớt mơ mộng chiều [F]chiều nhìn mây trôi xa [G/C]xa, \r\nNgười [F]về từ hôm nao mà lòng còn thương vẫn [C]thương \r\nBao [Dm]nhiêu năm tháng cũ mà hồn [G]nào tôi vấn [C]vương. \r\nGiờ [Dm]này nhìn sương khói mà thầm [G]mơ màu hoa trên má [C]ai. ', 3, 78, NULL, NULL, NULL, NULL, NULL, '2013-06-15', 'admin', 'Unpublished', 'http://mp3.zing.vn/bai-hat/Ai-Len-Xu-Hoa-Dao-Quang-Le-Mai-Thien-Van/ZWZABCF7.html'),
(41, 'Anh', 'Anh vẫn [C]đến dù trời gió mưa [G]giăng khắp lối\r\nDù cho những [Am]lúc giá rét ru đêm mùa [Em]đông lạnh lùng\r\nAnh [F]đến với ánh mắt bao tình [C]yêu nồng nàn\r\nNụ cười trên [Dm7]môi xóa hết âu [G7]lo\r\n\r\nAnh mang [C]đến cuộc đời những phút [G]giây ấm áp\r\nTựa đầu bên [Am]nhau dưới ánh sáng muôn vì [Em]sao diệu kỳ\r\nNhư [F]thấp ánh sáng cho tình [C]yêu đôi mình\r\nHòa nhịp [Dm7]đôi tim ngàn lời yêu [G7]thương\r\n\r\nLà đôi cánh [C]chim nâng em bay cùng cuộc [G]đời\r\nLà nơi ấm [Am]êm em tìm trong cơn bão [Em]tố\r\nAnh dang [F]cánh tay đón lấy em [G]vào lòng\r\nĐặt ngàn [Em]yêu thương lên chiếc hôn [Am]ngọt ngào\r\nEm [F]lắng nghe tim mình hạnh [Dm7]phúc ngất ngây trào [G7]dâng\r\n\r\nNguyện [C]đi với anh suốt con [G]đường đời\r\nDù cho [Am]khó khăn vẫn chờ ta [Em]phía trước\r\nVì em [F]hãy tin khi có anh [G]dẫn đường\r\nĐặt vào [Em]tay anh con tim em cùng [Am]cuộc đời\r\n', 3, 80, 57, NULL, NULL, NULL, NULL, '2013-06-15', 'admin', 'Unpublished', 'http://mp3.zing.vn/album/Anh-Ho-Quynh-Huong/ZWZ9ZUO7.html'),
(42, 'Anh Cho Em Mùa Xuân', '[C]Anh cho em mùa xuân, nụ hoa vàng mới nở, \r\nchiều đông nào nhung nhớ \r\nĐường lao xao lá đầy, chân bước mòn hè [Am]phố, \r\nmắt buồn vì ngọn [Bb]cây [G7]\r\n\r\nAnh cho em mùa [C]xuân, mùa xuân này tất cả, \r\nlộc non vừa trẩy lá \r\nLời thơ thương cõi đời, bầy chim lùa vạt [Am]nắng \r\ntrong [G7]khói chiều chơi [C]vơi, \r\n\r\nĐất mẹ đầy cỏ [F]lúa, đồng ta xanh mấy [C/B]mùa \r\nNgoài đê diều căng [Dm]gió, thoảng câu hò đôi [C]lứa \r\nTrong [C7]xóm vang chuông [F]chùa, trăng sáng soi liếp [Em]dừa \r\nCon sông dài mấy [Am]nhánh, cát trắng bờ quê [Bb]xưa [G7]\r\n\r\nAnh cho em mùa [C]xuân, trẻ nô đùa khắp trời \r\nNiềm yêu đời phơi phới \r\nBàn tay thơm sữa ngọt, giải đất hiền chim [Am]hót, \r\nmái nhà xinh kề [Bb]nhau [G7]\r\nAnh cho em mùa [C]xuân, đường hoa vào pháo nổ, \r\nnhạc chan hòa đây đó \r\nTình yêu non nước này, bài thơ còn xao [Am]xuyến \r\ntrong [G7]nắng vàng ban [C]mai ', NULL, 82, 83, NULL, NULL, NULL, NULL, '2013-06-15', 'admin', 'Unpublished', 'http://mp3.zing.vn/bai-hat/Anh-Cho-Em-Mua-Xuan-Elvis-Phuong/ZWZABZE6.html');
INSERT INTO `song` (`id`, `title`, `lyric`, `rhythm_id`, `composer_id`, `singer_id`, `level_id`, `melody_id`, `create_date`, `create_by`, `update_date`, `update_by`, `status`, `music_link`) VALUES
(43, 'Anh Vẫn Hành Quân', 'Am]Anh vẫn hành quân. \r\n[C]Trên đường ra chiến dịch. \r\n[G]Mé đồi quê anh [Em]bước, \r\nTrăng [Dm]non [Em]ló đỉnh [Am]rừng \r\n\r\n[Am]Anh vẫn hành quân. \r\n[C]Lưng đèo qua bãi [Am]suối \r\n[G]Súng ngang đầu anh [Em]gối, \r\nAnh [Dm]đi [Em]khắp chiến [Am]trường \r\n\r\nTrời Điện [F]Biên [G]mây [C]trắng. \r\n[G]Gió lưng [C]đèo chiến thắng \r\n[Dm]Tưng bừng trong ánh [Am]nắng \r\n[F]Dù thời [G]gian phai [C]sắc, \r\n[G]Đất nước [C]còn chia cắt \r\n[Dm]Vẫn bước [F]anh [E]không [Am]ngừng \r\n\r\n[Am]Anh vẫn hành quân. \r\n[C]Tiêu diệt hết quân thù. \r\n[G]Súng cầm tay tiến [Em]bước \r\nAnh [Dm]đi [Em]khắp chiến [Am]trường \r\n\r\n[Am]Anh vẫn hành quân. \r\n[C]Đêm về qua vách [Am]núi \r\n[G]Có Bác Hồ chỉ [Em]lối, \r\nMắt [Dm]anh [Em]thêm sáng [Am]ngời \r\n\r\nLòng anh [F]mang [G]ấp [C]Bắc \r\n[G]Dẫu cho [C]đường xa lắc \r\n[Dm]Không lùi anh vẫn [Am]bước, \r\n[F]Dù bao [G]cơn giông [C]tố \r\n[G]Dẫu cho [C]lòng mong nhớ \r\n[Dm]Vẫn hát [F]vang [E]trên [Am]đường \r\n\r\n[Am]Anh vẫn hành quân. \r\n[C]Qua đồng khô vùng lầy \r\n[G]Máu Điện Biên anh [Em]dũng \r\nAnh [Dm]đi [Em]khắp núi [Am]rừng \r\n\r\n[Am]Anh vẫn hành quân. \r\n[C]Mưa ngàn thêm gió [Am]núi \r\n[G]Khắp sông dài anh [Em]tới, \r\nQuê [Dm]ơi! [Em]Nhắn mấy [Am]lời \r\n\r\nDòng Cửu [F]Long [G]xa [C]tắp, \r\n[G]Nước sông [C]Hồng miền Bắc \r\n[Dm]Đôi dòng chung miếng [Am]đất \r\n[F]Vì quê [G]hương đất [C]nước \r\n[G]Vẫn đang [C]còn đế quốc \r\n[Dm]Chiến đấu [F]anh [E]không [Am]lùi \r\n', NULL, NULL, NULL, NULL, NULL, NULL, NULL, '2013-06-15', 'admin', 'Unpublished', 'http://mp3.zing.vn/bai-hat/Anh-Van-Hanh-Quan-Hoai-Nam/IW6U8O7F.html'),
(44, 'Ảo Mộng Tình Yêu', 'Chuyện tình ta [C]nay ra đi vào trong giấc mơ \r\nÐể mình em [Am]mang bao nỗi u buồn [Em]\r\nPhút yêu thương [F]bên nhau còn đâu [C]hỡi anh \r\nCho [Dm]riêng em lòng đớn đau [G7]\r\n\r\nTình yêu ta [C]qua bao khổ đau đắng cay \r\nMà hôm nay [Am]đôi ta vẫn xa vời [Em]\r\nVì cuộc đời [F]đâu như ta mong chờ [Dm]\r\nVì tình yêu [F]trong ta đầy hoài nghi [G7]\r\n\r\nTình là giọt nắng [C]thắp những ánh sáng [G]lung linh \r\nSoi rọi ta [Am]trong đêm tối mịt mù [Em]\r\nCòn lại đây [F]vây quanh em hơi ấm [C]của anh \r\nMà vì đâu [Dm]em yêu vội sớm [G7]chia lìa \r\n\r\nTình là làn gió [C]cất tiếng hát giữa [G]nhân gian \r\nVang lời ca [Am]ngân nga đến tuyệt vời [Em]\r\nCòn lại đây [F]vây quanh em những phút [C]thần tiên \r\nMà vì đâu [Dm]tan ra thành khói [G7]ngang trời [C]', NULL, 41, 12, NULL, NULL, NULL, NULL, '2013-06-15', 'admin', 'Unpublished', 'http://mp3.zing.vn/bai-hat/Ao-Mong-Tinh-Yeu-Dan-Truong-Cam-Ly/IW6I0UUF.html'),
(45, 'Ánh Sáng Của Đời Tôi', '[Am]Em đã cất bước quay mặt [Em]đi vội vàng. \r\n[Am]Chuyện hôm qua khiến cho lòng [Em]ta ngỡ [C7]ngàng \r\n[F]Giữa căn phòng [C]im tiếng [Am]người. \r\n[Dm]Ngoài kia gió [Am]gào mưa vẫn [E7]rơi\r\n\r\n[Am]Mong em sẽ thứ tha lời [Em]nói vô tình. \r\n[Am]Giờ đây giữa trái tim còn [Em]in bóng [C7]hình \r\n[F]Có em kề [C]bên nói [Am]cười \r\n[Dm]Người là ánh [E7]sáng của đời [Am]tôi \r\n\r\n[C]Khi em đã bước đi chẳng [G/B]quay trở về \r\n[Am]Nghe như trong lòng anh [C]băng giá tái [C7]tê \r\nAnh [F]mới hay rằng trái [C]tim đã [Em]hiến dâng [Am]người \r\n[F]Đời anh vô [C]nghĩa khi lìa [Dm]xa người [G]ơi. \r\n\r\n[C]Cơn giông tố nhỏ nhoi rồi [G/B]sẽ phai tàn \r\n[Am]Xin bao dung để tình yêu [C]mãi chứa [C7]chan \r\n[F]Cõi thiên đường [C]sẽ hoang tàn [Em]nếu vắng [Am]em \r\n[F]Ngàn trăng sao nhớ [G]em đêm [C]đêm ', NULL, 84, 21, NULL, NULL, NULL, NULL, '2013-06-15', 'admin', 'Unpublished', 'http://mp3.zing.vn/bai-hat/Anh-Sang-Cua-Doi-Toi-Lam-Truong/ZWZBZFUB.html'),
(46, 'Áo Trắng Sân Trường', 'Áo trắng em [G]bay trên đường đi đến [G]trường \r\nLàm bồng [Em]bềnh cả [Am]khung trời nắng [G]sớm \r\nÁo trắng năm [C]xưa có [Am]một thời hoang [D]sơ có [G]một thời quên [Em]lãng \r\nCất [C]vào trong vấn [Am]vương cất [D]vào trong nhớ [G]thương \r\n\r\nHôm nay [Bm]đây áo trắng lại [Em]bay, em đi qua con phố thật [C]dài \r\nLàm bồi [Am]hồi làm [D7]xanh bao kỷ [D]niệm \r\nCánh én [D]nhỏ làm chao [D7]nghiêng gió [Em]xuân \r\n[Am]Thoáng áo [D]dài dịu đi bao khó [G]khăn \r\n\r\nÁnh mắt đưa [G]theo áo dài em đến [G]trường \r\nLàm ngập [Em]ngừng bàn chân nào quên [G]lối \r\nÁo trắng như [C]mơ, như [Am]thực gợi niềm [D]vui \r\nChốn [G]địa đàng phơi [Em]phới, dắt [C]dìu cho khúc [Am]ca \r\ndắt [D]dìu cho ước [G]mơ \r\n\r\nĐi bên [Bm]nhau áo trắng đùa [Em]bay \r\nEm qua đây áo trắng thật [C]hiền \r\nMột bầu [Am]trời màu [D7]xanh như ước [D]vọng \r\nCó riêng [D]một làn mây [D7]tơ trắng [Em]bay \r\n[Am]Thoáng áo [D]dài của em bao đắm [G]say. ', NULL, NULL, NULL, NULL, NULL, NULL, NULL, '2013-06-15', 'admin', 'Unpublished', 'http://mp3.zing.vn/bai-hat/Ao-Trang-San-Truong-Ha-Tram/IW6OZWD8.html'),
(47, 'Bác Đang Cùng Chúng Cháu Hành Quân ', '[Gm]Đêm nay trên đường [Bb]hành [Gm]quân ra mặt trận. \r\n[Bb]Trùng trùng đoàn quân tiến bước theo con [Gm]đường của [Bb]Bác. \r\n[Gm]Nở ngàn [Cm]hoa chiến công [Gm]ta dâng lên [Bb]Người, \r\n[Cm]Dâng lên tới Đảng cả niềm [Gm]tin chiếu sáng [Bb]ngời. \r\n[Gm]Cờ [Bb]sao quyết [Gm]thắng \r\n[Bb]Lấp lánh [Gm]soi sáng [Bb]đường cháu [Cm]đi. \r\n[Gm]Đi, ta đi giải phóng miền [Cm]Nam, \r\nKhi [Bb]quê hương [Gm]nhà vẫn còn bóng quân xâm [Bb]lược \r\n[Cm]Thì ta còn chiến [Gm]đấu [Bb]quét sạch nó [Cm]đi. \r\nLời [Bb]Bác thúc giục chúng [Cm]ta, \r\n[F]Chiến đấu cho quê nhà Nam [D]Bắc hòa [F]lời [Gm]ca. \r\n\r\n[Gm]Năm xưa Bác cùng [Bb]đoàn [Gm]con đi chiến dịch. \r\n[Bb]Núi rừng vẫn nhớ, suối vẫn in bóng [Gm]hình của [Bb]Bác. \r\n[Gm]Cả đoàn [Cm]quân tiến theo [Gm]Người như thác [Bb]đổ. \r\n[Cm]Điện Biên năm nào vọng lời [Gm]Bác giữa chiến [Bb]hào. \r\n[Gm]Toàn [Bb]quân hôm [Gm]nay \r\n[Bb]Vẫn phất [Gm]cao cờ [Bb]đỏ Bác [Cm]trao. \r\n[Gm]Đi, ta đi giải phóng miền [Cm]Nam, \r\nKhi [Bb]quê hương [Gm]nhà vẫn còn bóng quân xâm [Bb]lược \r\n[Cm]Thì ta còn chiến [Gm]đấu [Bb]quét sạch nó [Cm]đi. \r\nLời [Bb]Bác thúc giục chúng [Cm]ta, \r\n[F]Bác kính yêu đang cùng chúng [D]cháu [F]hành [Gm]quân. \r\n\r\n[Gm]Hôm nay Bác gọi [Bb]cả [Gm]non sông đáp lời. \r\n[Bb]Giương lê xốc tới quyết tiến lên ta [Gm]giành chiến [Bb]thắng. \r\n[Gm]Đường hành [Cm]quân dốc núi [Gm]cao bao vực [Bb]thẳm. \r\n[Cm]Gian nan nào bằng lòng hờn [Gm]căm cao ngút [Bb]trời. \r\n[Gm]Miền [Bb]Nam ta [Gm]ơi \r\n[Bb]Hãy phất [Gm]cao cờ [Bb]đỏ thắm [Cm]tươi. \r\n[Gm]Ta xông lên giải phóng thành [Cm]đô \r\nPhá [Bb]hết bót [Gm]đồn quét sạch hết quân xâm [Bb]lược. \r\n[Cm]Vì độc lập tự [Gm]do [Bb]quyết giành ấm [Cm]no \r\nGiành [Bb]lấy những mùa [Cm]xuân. \r\n[F]Bác kính yêu đang cùng chúng [D]cháu [F]hành [Gm]quân. ', NULL, NULL, NULL, NULL, NULL, NULL, NULL, '2013-06-15', 'admin', 'Unpublished', 'http://mp3.zing.vn/bai-hat/Bac-Dang-Cung-Chung-Chau-Hanh-Quan-Anh-Bang/ZWZBWIFI.html'),
(48, 'Bài Ca Mừng Sinh Nhật ', '[Am]Anh đi sinh nhật em với cây đàn ghitar \r\nAnh đi sinh nhật em không bánh và không [Dm]hoa \r\nAnh đi sinh nhật em chỉ có bài tình [G]ca \r\nChỉ có trái tim [Em]yêu đang ca hát rộn [Am]ràng \r\n\r\nLời ca kết thành hoa [G]thắm \r\nNgọt [Em]ngào anh hát tặng [Am]em \r\nĐàn ngân hoa thành câu [G]chúc \r\nRộn [Em]ràng nâng phím tặng [Am]em \r\nLời ca hóa thành ngọn [G]nến \r\nHồng [Em]hào soi sáng mặt [Am]em \r\nĐàn ngân hoa thành câu [G]chúc \r\nMừng [Em]ngày sinh của đời [Am]em ', 3, NULL, 21, NULL, 11, NULL, NULL, '2013-06-15', 'admin', 'Unpublished', 'http://mp3.zing.vn/bai-hat/Bai-ca-mung-sinh-nhat-Lam-Truong/IW6OC977.html'),
(49, 'Bài Thánh Ca Buồn', '[C]Bài thánh ca [G]đó còn nhớ không [C]em \r\nNoel năm [Am]nào chúng mình có [C]nhau \r\nLong lanh sao trời đẹp [Dm]thêm môi mắt \r\nÁo trắng em [G]bay như cánh thiên [C]thần \r\nGiọt môi [F]hôn dưới tháp chuông [G]ngân \r\n\r\nCùng nhau qùy [G]dưới tượng Chúa cao [C]sang \r\nXin cho đôi [Am]mình suốt đời có [C]nhau \r\nVang trong đêm lạnh [Dm]bài ca Thiên Chúa \r\nKhẽ hát theo [G]câu đêm thánh vô [C]cùng \r\nÔi giọng hát [G]em mênh mang [C]buồn \r\n\r\n[C]Rồi mùa giá buốt cũng qua [G]mau \r\nLời hẹn đầu ai nhớ dài [C]lâu \r\nRồi một [F]chiều áo trắng thay [C]màu \r\nEm qua [Dm]cầu xác pháo bay [C]sau \r\n\r\nLời nguyện mình Chúa có nghe [Dm]không \r\nSao bây [G]giờ mình hoài xa [C]vắng \r\nBao nhiêu đêm Chúa xuống dương [Dm]gian \r\nBấy nhiêu [G7]lần anh nhớ người [C]yêu ', 4, 86, 11, 3, 20, NULL, NULL, '2013-06-15', 'admin', 'Unpublished', 'http://mp3.zing.vn/bai-hat/Bai-Thanh-Ca-Buon-Dam-Vinh-Hung/ZWZCWEOW.html'),
(50, 'Bên Đời Hiu Quạnh', 'Intro [Dm]: [C]- [C]- [Dm]- [Dm]- [C]- [C]- [Dm]- [Dm]- \r\n\r\n[Dm]Một lần chợt [Dm]nghe quê [C]quán tôi [F]xưa \r\n[A]Giọng người gọi [A]tôi nghe [A7]tiếng rất nhu [Dm]mì \r\n[Dm]Lòng thật bình [Bb]yên mà [C]sao buồn [F]thế \r\n[Dm]Giật mình nhìn [Bb]tôi ngồi [A7]hát bao [Dm]giờ \r\n[Dm] [C]- [C]- [Dm]- [Dm]- [C]- [C]- [Dm]- [Dm]\r\n\r\n[Dm]Rồi một lần [Dm]kia khăn [C]gói đi [F]xa \r\n[A]Tưởng rằng được [A]quên thương [A7]nhớ nơi quê [Dm]nhà \r\n[Dm]Lòng thật bình [Bb]yên mà [C]sao buồn [F]thế \r\n[Dm]Giật mình nhìn [Bb]tôi ngồi [A7]khóc bao [Dm]giờ \r\n[Dm] [C]- [C]- [Dm]- [Dm]- [C]- [C]- [Dm]- [Dm]\r\n\r\n[Dm]Ðường nào quạnh [Dm]hiu tôi [C]đã đi [F]qua \r\n[A]Ðường về tình [A]tôi có [A7]nắng rất la [Dm]đà \r\n[Dm]Ðường thật lặng [Bb]yên lòng [C]không gì [F]nhớ \r\n[Dm]Giật mình nhìn [Bb]quanh ồ [A7]phố xa [Dm]lạ \r\n[Dm] [C]- [C]- [Dm]- [Dm]- [C]- [C]- [Dm]- [Dm]', 1, 45, 11, 3, 16, NULL, NULL, '2013-06-15', 'admin', 'Unpublished', 'http://mp3.zing.vn/bai-hat/Ben-Doi-Hiu-Quanh-Dam-Vinh-Hung/ZWZ9ZUEF.html'),
(51, 'Bên Em Là Biển Rộng', 'Tình [Cm]ơi sao đi [G7]mãi nên sông dài [Cm]mênh mông [Fm]\r\nBàn [Cm]tay ôm nỗi [G7]nhớ xôn xao [Cm]biển rộng [Fm]\r\nVì [Fm]em mất anh, mất anh \r\nMùa [Cm]xuân đã qua rất nhanh \r\nCòn [G7]chăng nỗi đau nỗi đau tuổi xanh\r\n\r\nTình [Cm]anh như cơn [G7]lũ cuốn [Cm]đôi bờ mưa giông [G7]\r\nTình [Cm]em như sông [G7]vắng trong xanh [Cm]phẳng lặng \r\nMùa [Fm]thu đã qua đã qua \r\nMùa [Cm]đông đã sang đã sang \r\nTình [G7]đã ra đi vội [Cm]vàng... \r\n\r\n[Fm]Khi anh xa em sóng thôi [Cm]không xô bờ \r\n[Ab]Khi em xa anh đá [G7]chơ vơ... \r\n[Ab]Con sông lang thang đã [Gm]khô nơi đầu nguồn \r\n[Ab]Bên em, bên em biển đã [G7]chết \r\n', 3, 22, 87, 4, NULL, NULL, NULL, '2013-06-15', 'admin', 'Unpublished', 'http://mp3.zing.vn/bai-hat/Ben-Em-La-Bien-Rong-Thanh-Lam/IWZF899A.html'),
(52, 'Bèo Dạt Mây Trôi', '[G]Bèo dạt mây [D/F#]trôi, chốn xa xôi, \r\nAnh [Em]ơi, em vẫn [C]đợi... í i ì... bèo dạt [D]\r\n[G]Mây í i ì... [D/F#]trôi, \r\nchim [Em]sa, tang tính [C]tình... í i ì..., cao vời [D]\r\n[C]Ngậm một tin [G]trông, hai [D/F#]tin [Em]đợi, \r\nba bốn [C]tin chờ, sao [D]chẳng thấy [G]anh... \r\n[G]Một mảnh trăng [D/F#]treo, suốt năm canh, \r\nAnh [Em]ơi, trăng đã [C]ngả... a á à... ngang đầu [D]\r\n[G]Thương nhớ... ờ ơ... [D/F#]ai, sao [Em]rơi... đêm sắp [C]tàn... \r\ntrăng tà [D], [C]cành tre đưa trước [G]gió làn [D/F#]gió la [Em]đà \r\nem vẫn [C]mong chờ, sao [D]chẳng thấy [G]anh... \r\n\r\n[G]Mòn mỏi chim [D/F#]bay chốn nơi nao \r\nAnh [Em]ơi, em ngóng [C]đợi mỏi mòn [D]\r\n[G]thương nhớ [D/F#]ai chim [Em]ơi cho nhắn [C]một đôi lời [D]\r\n[C]người đi xa có [G]nhớ là [D/F#]nhớ ai [Em]ngồi \r\ntrông cánh [C]chim trời sao [D]chẳng thấy [G]đâu... ', NULL, NULL, NULL, NULL, NULL, NULL, NULL, '2013-06-15', 'admin', 'Unpublished', 'http://mp3.zing.vn/bai-hat/Beo-Dat-May-Troi-Anh-Khang-Quang-Thang/ZWZ9AIU6.html'),
(53, 'Biển Nhớ', 'Ngày mai em [Am]đi \r\nbiển [Am/G]nhớ tên em gọi [Dm/F]về\r\ngọi [F]hồn liễu rũ lê [E]thê \r\ngọi [E7]bờ cát trắng đêm [Am]khuya\r\n\r\nNgày mai em [Am/C]đi\r\nđồi [Dm/E]núi nghiêng nghiêng đợi [E7]chờ \r\nsỏi [F]đá trông em từng giờ\r\nnghe [E7]buồn nhịp chân bơ [E7]vơ\r\n\r\nNgày mai em [Am]đi \r\nbiển [Am/G]nhớ em quay về [Dm/F]nguồn\r\ngọi [F]trùng dương gió ngập [E]hồn \r\nbàn [E7]tay chắn gió mưa [Am]sang\r\n\r\nNgày mai em [Am/C]đi\r\nthành [Dm/E]phố mắt đêm đèn [E7]mờ \r\nhồn [F]lẻ nghiêng vai gọi buồn\r\nnghe [E7]ngoài biển động buồn [Am]hơn\r\n\r\nHôm nào em [Dm]về\r\nbàn [F]tay buông lối [Am]ngỏ \r\nđàn [E]lên cung phím [E]chờ\r\nsầu [E7]lên đây hoang [E7]vu\r\n\r\nNgày mai em [Am]đi \r\nbiển [Am/G]nhớ tên em gọi [Dm/F]về\r\ntriều [F]sương ướt đẫm cơn [E]mê \r\ntrời [E7]cao níu bước sơn [Am]khê\r\n\r\nNgày mai em [Am/C]đi\r\ncồn [Dm/E]đá rêu phong rủ [E7]buồn \r\nđèn [F]phố nghe mưa tủi hờn\r\nnghe [E7]ngoài trời giăng mây [E7]tuôn\r\n\r\nNgày mai [Am]em đi \r\nbiển [Am/G]có bâng khuâng gọi [Dm/F]thầm\r\nngày [F]mưa tháng nắng còn [E]buồn \r\nbàn [F]tay nghe ngóng tin [Am]sang\r\n\r\nNgày mai em [Am/C]đi\r\nthành phố [Dm/E]mắt đêm đèn [E7]vàng \r\nnửa [F]bóng xuân qua ngập ngừng\r\nnghe [E7]trời gió lộng mà [Am]thương.\r\n', NULL, 45, NULL, NULL, NULL, NULL, NULL, '2013-06-16', 'admin', 'Unpublished', 'http://mp3.zing.vn/bai-hat/Bien-Nho-Quang-Dung/ZWZ97FWD.html'),
(54, 'Bình Minh', 'Chợt nhìn [C] em trong thoáng phút giây mong [Dm] chờ.\r\nNgỡ như trong [F] mơ có tiếng lá rơi ơ [G] hờ.\r\nKỉ niệm ngày [C] xưa trôi theo con mưa ban [C] chiều\r\nTình vội [F] quên hay là ngày tháng [G7] dần phai.\r\n\r\nMột mùa [C] thu qua xác lá khô đi [Dm] về\r\nNgỡ như cơn [F] mê cứ khiến ta sao u [G] hoài\r\nKỉ niệm tàn [C] phai trôi xa theo em bao [C] ngày\r\nVà giờ [F] đây anh chờ đợi ánh [G7] bình minh.\r\n\r\nBình minh chiếu [C] những ánh sáng ngập [F] tràn,\r\nBình minh lấp [Dm] lánh suối tóc dịu [G] dàng.\r\nNgười ơi có [C] biết những lúc hồn [F] nhiên\r\nLòng anh đã trót [G7] yêu.\r\n\r\nNgàn hoa khoe [C] sắc muốn nói điều [F] chi ?\r\nTình yêu đã [Dm] đến chấp cánh niềm [G] tin.\r\nLàm sao em [C] hiểu những tiếng thì [F] thầm\r\nCho ngày [G7] nào mới [C] quen ...\r\n', NULL, 90, 12, NULL, NULL, NULL, NULL, '2013-06-16', 'admin', 'Unpublished', 'http://mp3.zing.vn/bai-hat/Binh-Minh-Dan-Truong/IWZAZCAD.html'),
(55, 'Boulevard', 'I don''t know [Am]why , you said [Dm]goodbye \r\nJust let me [F]know you didn''t [E]go forever my [Am]love \r\nPlease tell me [Am]why , You make me [Dm]cry \r\nI beg you [F]please all my [E]money if that what you want me [Am]too \r\n\r\n[Am]Never knew that it would go so [Dm]far \r\n[G7]Why you love me you let [C]boulevard \r\n[Am]Come again you would [Dm]release my pain \r\nAnd we [F]could be [E7]lover [Am]again \r\n\r\nJust one more [Am]chance , Another [Dm]dance \r\nAnd let me [F]feel it isn’t [E]real that I''ve been loosing [Am]you \r\nThis sound will [Am]arrive , Within your [Dm]eyes \r\nCome back to [F]me and we will [E]be happy [Am]together \r\n\r\nMaybe [Am]today , I''ll make you [Dm]stay \r\nA little [F]while just for a [E]smile and love [Am]together \r\nFor I will [Am]show , A place I [Dm]know \r\nIn [F]Tokyo where we could [E]be happy [Am]together ', NULL, 44, NULL, NULL, NULL, NULL, NULL, '2013-06-16', 'admin', 'Unpublished', 'http://mp3.zing.vn/bai-hat/Boulevard-Dan-Byrd/IW67W6ZO.html'),
(56, 'Bụi Phấn', 'Khi (C)Thầy viết bảng\r\nbụi (F)phấn rơi (C)rơi.\r\nCó (Dm)hạt bụi nào\r\nrơi trên bục (F)giảng\r\nCó (G7)hạt bụi nào\r\nvương trên tóc (C)Thầy ...\r\n\r\nEm (C)yêu phút giây này\r\nThầy (F)em, tóc như bạc (Em)thêm\r\nbạc (C)thêm vì bụi phấn\r\nđã cho (D7)em bài học (G7)hay\r\n\r\nMai (C)sau lớn, nên người\r\nLàm (F)sao, có thể nào (Em)quên ?\r\nNgày (C)xưa Thầy dạy (D7)dỗ\r\nkhi em tuổi còn (C)thơ ... \r\n', NULL, 91, 15, NULL, NULL, NULL, NULL, '2013-06-16', 'admin', 'Unpublished', 'http://mp3.zing.vn/bai-hat/Bui-Phan-Luong-Bich-Huu/ZWZDZI86.html'),
(57, 'Bước Chân Trên Dải Trường Sơn ', '[Em]Ta vượt trên triền núi [Am]cao Trường Sơn. \r\nĐá [C]mòn mà đôi [D]gót không [B7]mòn. \r\n[Em]Ta đi [D]nhằm phương [G]Nam \r\nGió [D]ngàn đưa [G]chân ta [D]về quê [G]hương. \r\nQuân [Em]về trong [D]gió [G]đang [D]dâng [G]triều [B]lên. \r\n[D]Máu thấm [G]đường ta [D]đi \r\nLẫn [G]mồ hôi [D]rơi tình quê tha [Bm]thiết . \r\nTa [Am]đi theo ánh [B7]lửa từ [C]trái [B7]tim [Em]mình. \r\n\r\n[Em]Xưa Trường Sơn rừng vắng [Am]núi mù sương. \r\nTheo [C]Đảng mạnh chân [D]bước lên [B7]đường. \r\n[Em]Trên con [D]đường ta [G]đi \r\nLũ [D]trào thác [G]xối muỗi [D]rừng vắt [G]núi. \r\nÔi! [Em]miền Nam [D]đó [G]dang [D]tay [G]gọi [B]tới. \r\n[D]Núi vút [G]thành vách [D]đứng \r\nNắng [G]hè khét [D]đá, rừng khuya mất [Bm]lối. \r\nTa [Am]đi theo ánh [B7]lửa từ [C]trái [B7]tim [Em]mình. \r\n\r\n[Em]Ta là con của núi [Am]non Trường Sơn. \r\nNối [C]mạch tình quê [D]giữa hương [B7]ngàn. \r\n[Em]Ôi! Núi [D]rừng che [G]ta \r\nNúi [D]rừng bao [G]vây quân [D]thù bốn [G]phía. \r\nCon [Em]đường Nam [D]Bắc [G]thiêng [D]liêng [G]tình [B]nghĩa . \r\n[D]Nơi chân [G]trời đang [D]dâng \r\nSắc [G]hồng đang [D]lan, lòng ta như [Bm]nắng. \r\nTa [Am]đi theo ánh [B7]lửa từ [C]trái [B7]tim [Em]mình. \r\n\r\n[Em]Con đường đi lửa máu [Am]theo từng giây. \r\nChuyến [C]hàng vào Nam [D]nghĩa thêm [B7]dầy. \r\n[Em]Mỗi thước [D]đường vươn [G]xa \r\nChuyến [D]hàng ta [G]vô góp [D]phần chiến [G]thắng. \r\nTấm [Em]lòng miền [D]Bắc [G]đang [D]mong [G]chờ [B]ta. \r\n[D]Tiến dưới [G]cờ chiến [D]thắng \r\nQuyết [G]giành thống [D]nhất, đời cao tiếng [Bm]hát. \r\nTa [Am]đi theo ánh [B7]lửa từ [C]trái [B7]tim [Em]mình. ', NULL, 93, NULL, NULL, NULL, NULL, NULL, '2013-06-16', 'admin', 'Unpublished', 'http://mp3.zing.vn/bai-hat/Buoc-Chan-Tren-Dai-Truong-Son-Top-Ca/IW60CBAE.html'),
(58, 'Cát Bụi', 'Hạt bụi [Em]nào hóa kiếp thân tôi. \r\nĐể một [Am]mai vươn hình hài lớn [Em]dậy \r\n[B7]Ôi cát bụi tuyệt [Am]vời \r\nMặt trời [B7]soi một kiếp rong [B7]chơi \r\n\r\nHạt bụi [Em]nào hóa kiếp thân tôi \r\nĐể một [Am]mai tôi về làm cát [Em]bụi \r\n[B7]Ôi cát bụi mệt [Am]nhoài \r\nTiếng động [B7]nào gõ nhịp không [Em]nguôi \r\n\r\nBao nhiêu [E]năm làm kiếp con [E]người \r\nChợt một [E7]chiều tóc trắng như [F#m]vôi \r\nLá [A]úa trên cao rụng [B7]đầy \r\nCho trăm [C#m]năm vào chết một [Em]ngày \r\n\r\nMặt trời [Em]nào soi sáng tim tôi \r\nĐể tình [Am]yêu xay mòn thành đá [Em]cuội \r\n[B7]Xin úp mặt bùi [Am]ngùi \r\nTừng ngày [B7]qua mỏi ngóng tin [B7]vui \r\n\r\nCụm rừng [Em]nào lá xác xơ cây \r\nTừ vực [Am]sâu nghe lời mời đã [Em]dậy \r\n[B7]Ôi cát bụi phận [Am]này \r\nVết mực [B7]nào xóa bỏ không [Em]hay... ', NULL, 45, 94, NULL, NULL, NULL, NULL, '2013-06-16', 'admin', 'Unpublished', 'http://mp3.zing.vn/bai-hat/Cat-Bui-Khanh-Ly/ZWZAA7F6.html'),
(59, 'Cây Đàn Sinh Viên', '[Am]Đời sinh viên có [G]cây đàn [Am]guitar \r\n[F]Đàn ngân lên chúng [C]ta cùng hòa ca \r\n[Dm]Có anh bạn xa [Am]nhà \r\n[F]Có cô [G]bạn nhớ [C]cha \r\n[Em]Cất vang cùng lời [Am]ca \r\n\r\n[Am]Đời sinh viên quý [G]cây đàn [Am]guitar \r\n[F]Nhờ guitar mới [C]quen nàng mời ca \r\n[Dm]Buông tiếng đàn, tang tình tang [Am]tính \r\n[F]Hát lên [G]bài nhớ [C]thương \r\n[Em]Thương mến tình đồng [Am]hương \r\n\r\n[F]Đời sinh viên, sống [G]trong tình bạn [C]thân \r\nKhi [D]anh thấy buồn [Am]tôi nâng phím đàn \r\n[D]Tính tang tình tình [Am]tang \r\n[F]Cùng dắt nhau [G]qua những ngày gian [C]khó \r\n[F]Cùng dắt [G]nhau qua quãng [Am]đời sinh viên \r\n\r\n[F]Rồi mai đây, bước [G]danh lợi phồn [C]hoa \r\nKhi [D]nghe tiếng đàn [Am]ta nhớ năm nào \r\n[D]Thức suốt đêm dài những ngày thi [Am]đến \r\n[F]Giờ nhớ [G]nhau ,nhớ nhau thật [C]nhiều \r\n[F]Giờ nhớ [G]nhau , ta ôm đàn [Am]guitar… ', NULL, 95, 29, NULL, NULL, NULL, NULL, '2013-06-16', 'admin', 'Unpublished', 'http://mp3.zing.vn/bai-hat/Cay-Dan-Sinh-Vien-My-Tam/ZW60FD9W.html'),
(60, 'Chiều Thùy Dương', '[Dm]Chiều dần buông màu [Gm]tím \r\nvẳng bên sông lời [A7]hát êm [Dm]đềm \r\n[Dm]Hòa với tiếng đàn [Gm]đêm \r\nchập chờn [C7]đi về xa phía chân [F]trời \r\n\r\n[F]Cất tiếng hát bước chân [Gm]đi \r\ncùng ngồi [C7]bên thùy dương mờ in [F]bóng \r\n[Dm]Nhìn bầu trời sao lấp [Gm]lánh \r\nnói với [A7]nhau lời nói tâm [Dm]tình \r\n\r\n[Dm]Nhìn mấy cánh hoa trắng [Gm]rơi , \r\nlòng ngập [C7]ngừng nghe trái tim bồi [F]hồi \r\n[Dm]Này cành thùy dương yêu [Gm]mến , \r\nbiết chăng [A7]em vì cớ sao [Dm]buồn ', NULL, 41, NULL, NULL, NULL, NULL, NULL, '2013-06-16', 'admin', 'Unpublished', 'http://mp3.zing.vn/bai-hat/Cay-thuy-duong-Tinh-ca-Nga/IWZC068B.html'),
(61, 'Chân Tình', 'Mùa xuân vừa [Dm] đến hoa về trên những bàn [Gm] tay\r\nVà em vừa [C] đến thay [A] màu áo mới vì [Dm] anh\r\nNguyện cho ngày [Bb] tháng êm [Gm] đềm như những sớm [Eb] mai\r\n[Em] Những nhọc [C] nhằn chớm [F] quen [Bb] vẫn trong ngần mắt [A] em\r\n... [C#] đang nhìn [A7] về [Dm] anh\r\n\r\nVà anh lại [Dm] nhớ những giờ em đứng chờ [Gm] trông\r\nMột mình lặng [C] lẽ ướt [A] lạnh trong mưa vì [Dm] anh\r\nTình yêu tìm [Bb] thấy nguyên [Gm] vẹn trong đêm bão [Eb] giông\r\n[Em] Giữa hoang [C] tàn lãng [F] quên [Bb] nơi cuối đường có [A] em\r\n... [C#] riêng chờ [A7] đợi [Dm] anh\r\n\r\n[Dm] Như chưa từng [Gm] có những phút lìa [C] xa\r\nGiấu gương mặt [F] trên vai anh khóc [Bb] òa\r\nNhững con đường [Gm] anh đi rồi cũng [F] đưa anh về bên [A7] em\r\n\r\n[Dm] Như anh được [Gm] sống giây phút đầu [C] tiên\r\nCó em tận [F] đến những giây cuối [Bb] cùng\r\nSuốt cuộc đời [Gm] anh không quên chân [A7] tình dành hết cho [Dm] em.\r\n', NULL, 97, 96, NULL, NULL, NULL, NULL, '2013-06-16', 'admin', 'Unpublished', 'http://mp3.zing.vn/bai-hat/Chan-Tinh-Van-Truong/ZWZDDDWI.html'),
(62, 'Chia Tay Hoàng Hôn', 'Anh phải về [Em]thôi , xa em [Em]thôi \r\nHoàng hôn yên [Em]lặng cũng theo [Em]về \r\nGiọt nắng cuối [C]ngày rơi xuống tóc \r\nMà lời từ [B7]biệt chẳng lên [Em]môi \r\n\r\nAnh phải về [B7]thôi xa em [C]thôi \r\nXa hàng [Em]cây đêm hẹn hò ta [Am]ngồi \r\nHoa khế [Em]rụng kín ngăn lối [C]nhỏ \r\nĐể lòng [B7]ta xao [C]xuyến bồi [Em]hồi \r\n\r\nChia tay em chia tay hoàng hôn \r\nChia tay [C]em chia tay hoàng [Em]hôn \r\nAnh mang theo [Em]về tình yêu và nỗi [Em]nhớ \r\nAnh mang theo [C]về con tim cô [Am]đơn \r\n\r\nChia tay em chia tay hoàng [Am]hôn \r\nChia tay [Em]em chia tay hàng [B7]cây \r\nGửi lại cho [C]em trái tim thắp [Am]lửa \r\nGửi lại cho [B7]em một [C]nửa [B7]vầng [Em]trăng ', NULL, 98, 99, NULL, NULL, NULL, NULL, '2013-06-16', 'admin', 'Unpublished', 'http://mp3.zing.vn/bai-hat/Chia-Tay-Hoang-Hon-Thanh-Ha/ZWZC0C96.html'),
(63, 'Chiếc Áo Bà Ba', 'Chiếc áo bà [D]ba trên giòng sông thăm [Am]thẳm \r\nThấp thoáng con [G]xuồng bé nhỏ mong [C]manh \r\nNón lá đội [D]nghiêng tóc dài con nước [Am]đổ \r\nHậu Giang [Em]ơi em vẫn đẹp ngàn [Am]đời \r\n\r\nNhớ chiếc xuồng [D]xưa năm nào trên bến [Am]cũ \r\nThương lắm câu [G]hò réo gọi khách sang [C]sông \r\nÁo trắng xuồng [D]đưa mắt cười em khẽ [Am]gọi \r\nNgười thương [Em]ơi em vẫn đợi [Am]chờ \r\n\r\nĐẹp quá quê [C]hương hôm nay đẹp vô [Am]ngần \r\nVề Sóc Trăng [G]hôm nay khai điệu Lâm [Am]Thôn \r\nĐàn én chao [C]nghiêng xôn xao mùa lúa [Am]nhiều \r\nVề bến Ninh [G]Kiều thấy chàng đợi người [Am]yêu \r\n\r\nEm xinh [D]tươi trong chiếc áo bà [Am]ba \r\nEm đi mau kẻo trễ chuyến phà đêm \r\nQua bến Bắc Cần Thơ \r\nHậu Giang ơi nước xuôi xuôi một dòng \r\nDẫu qua đây một lần \r\nNói sao cho vừa lòng \r\nNói sao cho vừa [Am]thương ', NULL, 101, 100, NULL, NULL, NULL, NULL, '2013-06-16', 'admin', 'Unpublished', 'http://mp3.zing.vn/bai-hat/Chiec-Ao-Ba-Ba-Cam-Ly/IWZAO6B0.html'),
(64, 'Chiều Một Mình Qua Phố ', 'Chiều một [Cm]mình qua phố âm thầm nhớ nhớ tên [Fm]em \r\nCó [Ab]khi nắng khuya chưa [G]lên \r\nMà [G]một loài hoa chợt [Cm]tím \r\nChiều một [Cm]mình qua phố âm thầm nhớ nhớ tên [Fm]em \r\nGót [Ab]chân đôi khi đã [Fm]mềm \r\nGọi [G]buồn cho mình nhớ [Cm]tên \r\n\r\nChiều [Cm]qua bao nhiêu lần môi [Eb]cười \r\nCho [C]mình còn nhớ [Fm]nhau \r\nChiều [Cm]qua bao nhiêu lần tay [Eb]mời \r\nNghe [Cm]buồn ghé môi [G]sầu. \r\nNgày [Eb]nào mình còn có [Fm]nhau xin cho dài [G]lâu \r\nNgày [Eb]nào đời thôi có [Fm]nhau xin [G]người biết [Cm]đau. \r\n\r\nChiều một [Cm]mình qua phố âm thầm nhớ nhớ tên [Fm]em \r\nGió [Ab]ơi gió ơi bay [G]lên để bụi [G]đường cay lòng [Cm]mắt \r\nChiều một [Cm]mình qua phố âm thầm nhớ nhớ tên [Fm]em \r\nÁo [Ab]xưa chưa quen phong [Fm]trần \r\nĐợi [G]mùa thu vàng áo [Cm]thêm. \r\n\r\nChiều một [Fm]mình qua phố âm thầm nhớ nhớ tên [Bbm]em \r\nBước [C#]chân nghe [C]quen cũng [Bbm]buồn \r\nLạy [C]trời xin [C#]còn tuổi [Fm]xanh \r\nCòn một [Cm]mình trên phố âm thầm nhớ nhớ tên [Fm]em \r\nNgoài [Ab]kia không còn nắng [G]mềm \r\nNgoài [Fm]kia [G]ai còn nhớ [Cm][2 times]tên ', NULL, 45, 35, NULL, NULL, NULL, NULL, '2013-06-16', 'admin', 'Unpublished', 'http://mp3.zing.vn/bai-hat/Chieu-Mot-Minh-Qua-Pho-Tuan-Ngoc/IWZ98EZ8.html'),
(66, 'Cho Con ', 'Ba [G]sẽ là cánh [D]chim \r\nĐưa [Em]con đi thật [D]xa \r\nMẹ [Am]sẽ là cành [C]hoa \r\nCho [D7]con cài lên [G]ngực \r\n\r\nBa mẹ là lá [Am]chắn \r\nChe chở suốt đời [G]con \r\nVì [C]con là con [D]ba \r\nCon [Am]của ba rất [D]ngoan \r\nVì [Am]con là con [D]mẹ \r\nCon của mẹ rất [G]hiền \r\n\r\nNgày [G7]mai con khôn [C]lớn \r\nBay đi khắp mọi [D7]miền \r\nCon đừng quên con [Am]nhé \r\nBa [D7]Mẹ là Quê [G]Hương ', NULL, 103, 102, NULL, NULL, NULL, NULL, '2013-06-16', 'admin', 'Unpublished', 'http://mp3.zing.vn/bai-hat/Cho-Con-Thanh-Thao/IWZ96ZF7.html'),
(67, 'Chợt Nhớ Tên Anh', 'Đưa em [Am]về bên giấc mơ xanh \r\nKhờ dại [Dm]thế cỏ vẫn xanh màu [E7]ngọc \r\nCó nỗi [F]buồn lang thang như ngọn [Dm]gió \r\nCuối con [E7]đường mưa trắng không [Am]em \r\n\r\n[Am] Mưa xuân quên làn tóc em [C]bay \r\nĐừng ướp [Dm]mật cho những lời gian [E7]dối \r\nNỗi buồn không [Dm]tên nỗi buồn mắc [E7]lỗi \r\nThánh ca [E7]lòng thương nhớ nỗi rêu [Am]phong \r\n\r\nKhông còn màu [A]xanh chỉ có mình [F#m]anh \r\nVi vút [C#m]bóng đổ dài loang loáng [D]ướt \r\nCâu thơ không [Bm]tên , câu thơ bất [E]diệt \r\nCó lẽ là thơ viết dưới cơn [A]mưa \r\n\r\nEm không [A]về phố vẫn như [F#m]xưa \r\nBàng đỏ [C#m]lá như mùa xuân vẫn [E]thế \r\nViễn xứ xa [D]xôi em như là có [E]thể \r\nCó thể [E]về có thể sẽ ra [A]đi \r\n\r\nĐừng đặt [A]tên nỗi nhớ làm [F#m]chi \r\nHãy để [C#m]gió ru em vào cõi [E]ngủ \r\nGiấc mơ [D]xanh , giấc mơ xanh đến [E]thế \r\nCó khi [E]nào em chợt nhớ tên [A]anh ', NULL, NULL, 104, NULL, NULL, NULL, NULL, '2013-06-16', 'admin', 'Unpublished', 'http://mp3.zing.vn/bai-hat/Chot-Nho-Ten-Anh-Nguyen-Hoang/IW60EOE8.html'),
(68, 'Chuyện Hẹn Hò', 'Hẹn chiều [D]nay mà sao không thấy em \r\nGió hiu [A7]hiu, lòng bỗng nghe lạnh [D]thêm. \r\nChiều mù [Em]sương hay mù khói thuốc anh? \r\nEm không [A7]lại anh nhủ lòng sao đây? \r\n\r\nEm cứ hẹn chiều [D]mai rồi lại không thấy em. \r\nÁo ai [A7]xanh hờ hững đi vào [D]đêm. \r\nĐợi một [Em]giây nghe bằng thế kỷ sầu \r\nEm mới yêu lần [A7]đầu, anh đã yêu lần [D]sau. \r\n\r\nChắc tại [Bm]chiều hôm nay không còn nắng \r\nĐể thêm [D]hồng đôi má thắm giai [Em]nhân. \r\nChắc tại [A7]mưa nơi vùng xa tít [Em]đó, \r\nSợ mưa [A]lạc đường làm ướt áo em [D]anh. \r\nHay tại [Bm]ngày hôm kia em gần khóc \r\nAnh [D]vụng về quên lau mắt thu [Em]mưa. \r\nThôi em cứ [A7]hẹn nhưng em đừng đến [Em]nhé \r\nĐể anh [A7]buồn như anh chàng làm thơ. \r\n\r\nEm có hay trời [D]buồn trời chuyển mưa đó không? \r\nBiết yêu [A7]em là biết nghe chờ [D]mong. \r\nChuyện tình [A7]yêu muôn đời kiếp đến [Em]nay, \r\nNàng cứ quên hẹn [A7]hoài, chàng cứ mong chờ [D]ai ', NULL, 101, 79, NULL, NULL, NULL, NULL, '2013-06-16', 'admin', 'Unpublished', 'http://mp3.zing.vn/bai-hat/Chuyen-Hen-Ho-Quang-Le/ZWZB9EBC.html'),
(69, 'Cô Bé Dỗi Hờn ', '[G]Chiều hôm nay vừa [Am]tan buổi học \r\n[D]Em lơ ngơ ra [G]trước sân trường \r\n[E7]Dường như anh đứng [Am]đó bao giờ \r\n[D7]Đợi chờ em rất [D]lâu \r\n\r\n[G]Lòng em như mùa [Am]Xuân -đến gần \r\n[D]Nhưng con tim sao [G]cứ ngập ngừng \r\n[E7]Vì sao anh không [Am]nói bao giờ \r\n[D7]Lời yêu em đắm [G]say \r\n\r\nEm ghét anh gọi [Am]em cô bé \r\n[D7]Nên thấy anh em vờ [G]như không thấy \r\n[Em]Em bắt anh làm cái [Am]đuôi em đó \r\n[D7]Xem rất tội [D]nghiệp \r\n\r\n[G]Anh có theo hàng [Am]trăm cây số \r\n[D7]Em vẫn không thèm [G]quen anh đó \r\n[Em]Em ngó lơ dù lòng [Am]nghe xao xuyến \r\n[D7]Đáng đời anh [G]chưa \r\n[D7]Đáng đời anh [G]chưa ', NULL, 39, 105, NULL, NULL, NULL, NULL, '2013-06-16', 'admin', 'Unpublished', 'http://mp3.zing.vn/bai-hat/Co-Be-Doi-Hon-Quang-Vinh/IWZ96WCC.html'),
(70, 'Con Đường Xưa Em Đi', 'Con đường xưa em [Am]đi, \r\nvàng lên mái tóc [Dm]thề, ngõ hồn dâng tái [Am]tê \r\nAnh làm thơ vu [Dm]quy, \r\nkhách qua đường lắng [E7]nghe chuyện tình ta đã ghi \r\n\r\nNhững mùa trăng vu [Am]quy, \r\nvì mưa gió không [Dm]về, chiến trường anh bước [Am]đi \r\nCó nàng hoen đôi [Dm]mi, \r\nngóng theo đường vắng [E7]hoe ...Hỏi còn ai cố [Am]tri \r\n\r\nEm [Am]ơi! nhìn gió lên [C]khơi, \r\nlòng có trông vời một người xa cuối trời? \r\nNơi [Am]đây phiên gác canh [Dm]dài, \r\ne ấp đôi [F]lời mình còn nhớ thương [Am]hoài \r\n\r\nEm [Am]ơi! màu áo phong [C]sương, \r\nmình ước huy hoàng được bàn tay chính nàng dâng [Am]hoa, dâng hết ân [Dm]tình \r\nTình đến bao [F]giờ \r\nHỏi đường xưa mà [E7]nhớ \r\n\r\nCon đường xưa em [Am]đi thời gian có quên [Dm]gì \r\nĐá mòn kia vẫn [Am]ghi, \r\nghi một đêm trăng thanh quán bên đường vắng [E7]tênh \r\nChỉ còn em với [Am]anh. ', NULL, 106, 107, NULL, NULL, NULL, NULL, '2013-06-16', 'admin', 'Unpublished', 'http://mp3.zing.vn/bai-hat/Con-Duong-Xua-Em-Di-Thanh-Tuyen/ZWZCC7AW.html'),
(71, 'Cô Gái Đến Từ Hôm Qua ', 'Và rồi ta [C]hứa sẽ quay trở [Am]lại \r\nVào một ngày [Em]mai như hai ngừoi [F]bạn \r\nMột [G]ngày đã quên tát [Em]cả lại nhơ về [Am]nhau \r\nCùng năm [F]tháng còn ấu [C]thơ \r\n\r\nvà ngày hôm [C]nay anh như đứa [Am]trẻ, \r\ncủa ngày hôm qua Em] xa xôi tìm [F]vè \r\nLời [G]thề tựa như ánh [Em]lửa sửoi ấm lòng [Am]anh \r\nNhư chính [Dm]em cô [G]gái đến từ hôm [Am]qua \r\n\r\nTình yêu giờ trôi [C]xa dư âm để [Am]lại \r\nVà nếu thuộc [Em]về nhau em sẽ trở [F]lại \r\nVà Anh đuợc [Dm]thấy hoa rơi như cơn [G]mưa tươi thắm [C]những con đường \r\n\r\nDuờng như là vẫn [C]thế em không trở [Am]lại \r\nMãi mãi là như [Em]thế anh không trẻ [F]lại \r\nDòng thời gian [Dm ]trôi như ánh sao [G]băng \r\nTrong khoảnh [E9]khắc qua chúng [Am]ta \r\nNhiều năm xa hạnh [F]phúc anh muốn bên [G]em \r\nCuộc đời này dù [E9]ngắn nỗi nhớ quá [Am]dài \r\nVà cũng đã đủ [Dm]lớn để mong bé [G]lại như [C]ngày hôm qua ', NULL, 97, 29, NULL, NULL, NULL, NULL, '2013-06-16', 'admin', 'Unpublished', 'http://mp3.zing.vn/bai-hat/Co-Gai-Den-Tu-Hom-Qua-My-Tam/IWZDZEC9.html'),
(72, 'Cô Gái Mở Đường', 'G] Đi [D] dưới trời [G] khuya sao đêm lấp [Em] lánh\r\nTiếng hát [C] ai vang động cây [Am] rừng\r\nPhải chăng [G] em cô gái mở [Em] đường\r\nKhông thấy mặt [D] người chỉ [G] nghe tiếng [D] hát\r\n[C] Ơi những cô con [Em] gái đang ngày [C] đêm mở [G] đường\r\n[Em] Hỏi em bao nhiêu [C] tuổi mà sức [G] em [C] phi [Em] thường\r\n\r\n[Em] Em đi lên [G] rừng cây [D] xanh mở [Em] lối\r\nEm đi lên [C] núi núi [G] ngả [C] cúi [Am] đầu\r\nEm [G] đi bắc [D] những nhịp [Em] cầu\r\nNối [D] những con [Em] đường Tổ [Am] Quốc yêu [C] thương\r\nCho [Am] xe thẳng [D] tới chiến [Em] trường\r\n\r\n[G] Cô [D] gái miền [G] quê ra đi cứu [Em] nước\r\nMái tóc [C] xanh xanh tuổi trăng [Am] tròn\r\nBàn tay [G] em phá đá mở [Em] đường\r\nGian khó phải [D] lùi nhường [G] em tiến [D] bước\r\n[C] Em có nghe tiếng [Em] súng nơi tiền [C] phương giục [G] lòng\r\n[Em] Miền Nam tha thiết [C] gọi cả nước [G] ta [C] lên [Em] đường\r\n\r\n[Em] Tiếng nói Bác [G] Hồ trong [D] tim ngời [Em] sáng\r\nNhư sao mai [C] lấp lánh [G] rọi [C] núi [Am] rừng\r\nSoi [G] cho em [D] đắp chặng [Em] đường\r\nTrên [D] đất quê [Em] nhà Tổ [Am] Quốc yêu [C] thương\r\nÔi [Am] con đường [D] mới anh [Em] hùng\r\n\r\n[G] Đêm [D] đã về [G] khuya sương rơi ướt [Em] áo\r\nTiếng hát [C] em vẫn vang vọng núi [Am] rừng\r\nMặc bom [G] rơi pháo sáng mịt [Em] mùng\r\nEm vẫn mở [D] đường để [G] xe đi [D] tới\r\n[C] Yêu biết bao cô [Em] gái vui ngày [C] đêm mở [G] đường\r\n[Em] Rừng trăm hoa thắm [C] nở chẳng có [G] hoa [C] nào [Em] bằng\r\n\r\n[Em] Em đi san [G] rừng em [D] đi bạt [Em] núi\r\nEm như con [C] suối nước [G] chảy [C] không [Am] ngừng\r\nEm [G] đang bước [D] tiếp chặng [Em] đường\r\nTheo [D] những anh [Em] hùng Tổ [Am] Quốc yêu [C] thương\r\nGóp [Am] công cùng [D] tiền phương [C] chiến thắng [Em] thù\r\n', NULL, NULL, NULL, NULL, NULL, NULL, NULL, '2013-06-16', 'admin', 'Unpublished', 'http://mp3.zing.vn/bai-hat/Co-gai-mo-duong-Top-ca-Quan-khu-7/IWZ9BIIA.html'),
(73, 'Con Đường Đến Trường', 'Một [Am]chiều đi trên con đường này \r\nHoa điệp [G]vàng trải dưới chân [C]tôi \r\nNgập [Am]ngừng trong tôi như thầm [Dm]hỏi \r\n[E7]Đường về trường ôi sao lạ [E7]quá! \r\n\r\nMột [Am]lần đi qua con đường này \r\nBao kỷ [G]niệm chợt sống trong [C]tôi \r\nVề [Am]lại trong sân ngôi trường [Dm]này \r\n[E7]Còn đâu đây nỗi nhớ vô [Am]bờ… \r\n\r\n[Am]Nhớ nhớ những ngày nơi [G]đây \r\nCùng bạn bè sống dưới mái trường [Dm]này \r\nNhớ tiếng nói thầy [Am]cô \r\nChắp cánh ta [E7]bay bay vào cuộc [E7]sống… \r\n\r\n[Am]Nhớ nhớ mỗi mùa thi [G]qua \r\nLà một lần ghi dấu trong cuộc [Dm]đời \r\nNhớ ghế đá hàng [Am]cây \r\nLàm bạn cùng [E7]tôi mỗi lần đến [Am]trường \r\n\r\nNhớ [Am]mãi ngày chia [E7]tay \r\nNụ cười còn xao xuyến lòng [Am]ai \r\nNhớ [Am]mãi ngày chia [E7]tay \r\nCùng bạn bè đến những miền [Am]xa \r\n', NULL, 108, 11, NULL, NULL, NULL, NULL, '2013-06-16', 'admin', 'Unpublished', 'http://mp3.zing.vn/bai-hat/Con-Duong-Den-Truong-Dam-Vinh-Hung/IWZ98OD9.html'),
(74, 'Con Đường Màu Xanh', 'Này người [G]yêu xin quay mặt đi \r\nĐã [Bm]hết yêu thương lâu [Em]rồi \r\nNày người [C]yêu em đi về đi \r\nNhưng xin [Bm]em đừng hờn trách [Em]tôi \r\n[C]Vì giờ đây, [Bm]trái tim đã giá [D]lạnh \r\n\r\nNhìn [G]giọt mưa bay trong chờ mong \r\n[Bm]Khẽ xóa môi son [Em]phai nhạt \r\nNhìn [C]giọt mưa bay trong chiều thu \r\n[Bm]Cho ai lòng thầm [Em]nát tan [C] Vì giờ đây tôi và em [D]chia tay \r\n\r\nNgười yêu [G]hỡi vẫy tay biệt ly \r\nEm cô [Bm]đơn trên con đường [Em]dài \r\nGiọt nước [G]mắt hãy lau thật khô \r\nVì không [Bm]muốn thấy em u [Em]sầu [C] Tôi mong em từ nay \r\nHãy xóa [Bm]hết tâm tư [D]buồn vương \r\n\r\nNgười [G]yêu hỡi vẫy tay biệt ly \r\nEm [Bm]thênh thang trên con [Em]đường tình \r\nGiọt [G]nước mắt hãy lau thật khô \r\nTình [Bm]yêu đã tan theo [Em]mây trời [C] Tôi mong em từ nay \r\nNhìn lại [C]con đường em đi [D]trên \r\nĐầy màu [G]xanh \r\n', NULL, 109, 109, NULL, NULL, NULL, NULL, '2013-06-16', 'admin', 'Unpublished', 'http://mp3.zing.vn/bai-hat/Con-Duong-Mau-Xanh-Trinh-Nam-Son/ZWZAID7A.html'),
(75, 'Có Phải Em Mùa Thu Hà Nội ', '[F] Tháng tám [C]mùa thu, lá [Bb]rơi vàng [F]chưa nhỉ \r\nTừ độ [Bb]người đi thương nhớ [F]âm thầm \r\nCó [Bb]phải em là [Dm]mùa thu [Am]Hà Nội \r\nTuổi [Gm]phong sương ta [C7]cũng gắng [F]đi tìm \r\nCó [Bbm]phải em mùa [C7]thu xưa \r\n\r\nCó bóng [C]mùa thu [Bb]thức ta lòng [F]sang mùa \r\nMột ngày [Bb]về xuôi chân ghé Thăng [F]Long buồn \r\nCó [Bb]phải em là [Dm]mùa thu [Am]Hà Nội \r\nNgày [Gm]sang thu anh [C7]lót lá [F]em nằm \r\nBên [Bbm]trời xa sương [F]gió bay [\r\n\r\nBb] Thôi thì có [F]em đời ta hy vọng [C7] Thôi thì có em [Bb]sương khói [F]môi mềm \r\nCó [Bbm]phải em là mùa thu [Fm]Hà Nội \r\nNghe [Bbm]đâu đây [Fm]lá ướt và [Db]mi xanh \r\nNghe [Bbm]đâu đây hồn Trưng Vương [C7]sông hát \r\n\r\nCó chắc [C]mùa thu lá [Bb]rơi vàng [F]tiếng gọi \r\nLệ mừng [Bb]gặp nhau xôn xao phím [F]dương cầm \r\nCó [Bb]phải em là [Dm]mùa thu [Am]Hà Nội \r\nNghìn [Gm]năm sau ta [C7]níu bóng [F]quay về \r\nÔi mùa [Bbm]thu của [F]ước mơ ', NULL, 110, 111, NULL, NULL, NULL, NULL, '2013-06-16', 'admin', 'Unpublished', 'http://mp3.zing.vn/bai-hat/Co-Phai-Em-Mua-Thu-Ha-Noi-Hong-Nhung/ZWZABZ8Z.html'),
(76, 'Cô Tấm Ngày Nay', 'Quê [G]Hương chốn thanh [D]bình có [C]bầu trời xanh thắm [D7]xanh. \r\nĐồng [G]lúa thẳng cánh cò [D]bay lấp lánh cánh [Am]diều mơ ước tuổi [D7]thơ \r\nEm [G]ra chốn đô [D]thành xa [C]rời vòng tay mẹ [D]yêu \r\nTừ [Em]nay giữa chốn phồn [Bm]hoa xa rời cánh [D7]diều mơ ước hôm [G]nào \r\n\r\n[G]Xa cánh [Am]diều mơ ước tuổi [Bm]thơ \r\nNhớ [Am]thương những lời mẹ [Em]ru những [Am]đêm trăng rằm sáng [C][D7]trong \r\n[G]Mơ ước [Am cô Tấm ngày xưa [Bm]thành sớm [Am]hôm không ngại gian [Em]khó . Tiếng [Am]chim oanh vàng thiết [D7]tha \r\n\r\nEm [G]ra chốn đô [D]thành mong [C]thành cô Tấm ngày [D7]nay \r\nTừ [Em]nay giữa chốn phồn [Bm]hoa lấp lánh cánh [D7]diều mơ ước hôm [G]nào ', NULL, 113, 112, NULL, NULL, NULL, NULL, '2013-06-16', 'admin', 'Unpublished', 'http://mp3.zing.vn/bai-hat/Co-Tam-Ngay-Nay-Quang-Linh/IWZAW68C.html'),
(77, 'Đêm Lao Xao', 'Đêm [Bm]đông lao xao, đêm [Em]đông nhớ ai? \r\nĐêm [A]đông cô đơn vắng [D]ai? [F#]\r\nCơn [Bm]mưa lao xao, cơn [Em]mưa nhớ ai? \r\n[A]Ôi, hạt [F#]mưa rơi khóc [Bm]thầm! \r\n\r\nAnh [Bm]đang nơi đâu? Anh [Em]thương nhớ ai? \r\nBao [A]đêm cô đơn vắng [D]anh. \r\nMong [Bm]cho đôi ta, bên [Em]nhau mãi thôi! \r\n[A]Cho hạt [F#]mưa rơi hết [Bm]buồn \r\n\r\nĐK: \r\nTình yêu như cánh chim [Bm]trời vụt bay theo gió [F#m]mãi trôi! \r\nĐể bao thương nhớ âm [G]thầm , thiết [A]tha vô [D]bờ [F#]\r\nĐèn khuya có thấu [Bm]hay chăng, lẻ loi tôi đang [F#m]ngóng trông \r\nThì mây mưa cứ trôi [G]hoài , khát [F#]khao chờ [Bm]mong \r\n\r\nChợt nghe chư tiếng em [Bm]cười, cỏ cây như muốn [F#m]níu chân \r\nNhẹ nâng câu hát ban [G]đầu, dấu [A]xưa tuyệt [D]vời. [F#]\r\nMột mai anh sẽ [Bm]quay về, bờ môi mang bao [F#m]thiết tha. \r\nBài ca in mãi trong [G]lòng, sẽ [F#]không nhạt [Bm]phai! ', NULL, 115, 114, NULL, NULL, '2013-06-21', 'user1', NULL, NULL, 'Unpublished', 'http://mp3.zing.vn/bai-hat/Dem-Lao-Xao-Phuong-Thanh/IWZAWEFI.html'),
(78, 'Đêm Nằm Mơ Phố', '[Em]Đêm đêm nằm mơ [Am]phố, trăng rơi nhòa trên [G]mái\r\n[C]Đi qua hoàng hôn ghé thăm [B7]nhà\r\n[Em]Anh như là sương [Am]khói mong manh về trên [G]phố\r\n[C]Đâu hay một hôm gió mùa [Em]thu\r\n\r\n[G]Đâu hay mùa thu [D]gió, [G]đêm qua mặc thêm [Em]áo\r\n[C]Tay em lạnh mùa [Am]đông ngoài [B7]phố\r\n[G]Đêm xin bình yên [D]nhé con đường vàng ánh [Em]trăng\r\n[C]Đèn dầu khuya quán [Am]quen chờ [B7]sáng\r\n\r\n[Em]Đêm đêm nằm mơ [Am]phố, mơ như mình quên [G]hết\r\n[C]Quên đi tình yêu quá vô [B7]cùng\r\n[Em]Sương giăng hồ tây [Am]trắng đâu trong ngày xưa [G]ấy\r\n[C]Tôi soi tình tôi giữa đời [Em]anh', NULL, 116, 117, NULL, NULL, '2013-06-21', 'user1', '2013-06-21', 'user1', 'Unpublished', 'http://mp3.zing.vn/bai-hat/Dem-Nam-Mo-Pho-Thuy-Chi/IW88UCEO.html'),
(79, 'Đêm Thành Phố Đầy Sao', '[Em]Tôi đang nghe tiếng sóng dòng sông\r\n[Am]Tôi đang nghe tiếng gió ngày [C]xuân\r\nNghe bông [D]hoa như thương [C]ai rạo rực trên [B7]cành!\r\n\r\n[Em]Tôi đang nghe tiếng nói của đêm\r\n[Am]Như đang nghe tiếng hát của [C]em\r\nTôi đang [D]nghe , nghe con [C]tim [D]như thủy triều [Em]lên\r\n\r\nThành [Em]phố đêm nay [C]đầy sao\r\nDòng [G]sông đêm nay đầy [Bm]\r\nVườn nhà [Am]em , cây hoàng [D]lan bát ngát hương tỏa [G]bay [F#] \r\nSương [B7]khuya nhẹ bay!\r\n\r\nThành [Em]phố bát ngát [C]của gió\r\nTình [G]yêu mênh mông của [Bm]mây\r\nĐược ngày [Am]vui , không thể [D]quên những tháng năm [G]ngược xuôi\r\n[Am]Mơ về chân [C]trời , [D]thành phố của [Em]tôi!\r\n\r\n[Em]Khi đi xa rất nhớ dòng sông\r\n[Am]Đi đâu xa cũng nhớ về [C]em\r\nEm đang [D]đi , đi bên [C]sông chở đầy nắng [B7]hồng\r\n\r\n[Em]Đêm nay nghe tiếng sóng biển Đông\r\n[Am]Nghe trăm năm khúc hát mười [C]năm\r\nTôi đang [D]nghe , tôi đang [C]nghe [D]nghe rõ đời [Em]tôi!\r\n\r\nThành [Em]phố cho em [C]tuổi thơ\r\nDòng [G]sông cho em mộng [Bm]mơ\r\nVà tình [Am]yêu , như mùa [D]xuân ấm áp [G]trên cành mai,[F#] Trong [B7]đêm ba mươi\r\n\r\n[Em]Thành phố đêm nay [C]đầy sao\r\nDòng [G]sông đêm nay đầy [Bm]sao !\r\nĐược gần [Am]nhau, tâm hồn [D]như chắp cánh lên trời [G]cao [Am] \r\nTrong [C]ngần trong ngần , [D]cuộc sống của [Em]tôi [Am] \r\nTrong [C]ngần trong ngần , [D]thành phố của [Em]tôi.\r\n', NULL, 118, 89, NULL, NULL, '2013-06-21', 'admin', '2013-06-21', 'admin', 'Unpublished', 'http://mp3.zing.vn/bai-hat/Dem-Thanh-Pho-Day-Sao-Quang-Dung/ZWZ978CD.html'),
(80, 'Đêm Thấy Ta Là Thác Đổ', 'Một [Em]đêm bước chân về [Bm]gác nhỏ\r\nChợt [G]nhớ đóa hoa tường [B7]vi\r\nBàn [Em]tay ngắt hoa từ phố [Bm]nọ\r\nGiờ [B7]đây đã quên vườn [Em]xưa\r\n\r\nMột [Em]hôm bước qua thành phố [Em]lạ\r\nThành [Am]phố đã đi ngủ [G]chưa?\r\nÐời [Em]ta có khi là lá [Bm]cỏ\r\nNgồi [G]hát ca rất tự [B7]do\r\n\r\nNhiều [Em]khi bỗng như trẻ nhớ [Bm]nhà\r\nTừ [B7]những phố xưa tôi [Em]về\r\nNgày [Em]xuân bước chân người rất [B7]nhẹ\r\nMùa [C]xuân đã qua bao [D]giờ\r\nNhiều [G]đêm thấy ta là thác [Em]đổ\r\nTỉnh [C]ra có [B7]khi còn [Em]nghe\r\n\r\nMột [Em]hôm bước chân về giữa [Bm]chợ\r\nChợt [G]thấy vui như trẻ [B7]thơ\r\nÐời [Em]ta có khi là đóm [Bm]lửa\r\nMột [B7]hôm nhuốm trong vườn [Em]khuya\r\n\r\nVườn [Em]khuya đóa hoa nào mới [Em]nở\r\nĐời [Am]ta có ai vừa [G]qua?\r\nNhiều [Em]khi thấy trăm ngàn nấm [Bm]mộ\r\nTôi [G]nghĩ quanh đây hồ [B7]như\r\n\r\nÐời [Em]ta hết mong điều mới [Bm]lạ\r\nTôi [B7]đã sống rất ơ [Em]thờ\r\nLòng [Em]tôi có đôi lần khép [B7]cửa\r\nRồi [C]bên vết thương tôi [D]quì\r\nVì [G]em đã mang lời khấn [Em]nhỏ\r\nBỏ [C]tôi đứng [B7]bên đời [Em]kia\r\n', NULL, 45, 89, NULL, NULL, '2013-06-21', 'admin', '2013-06-21', 'admin', 'Unpublished', 'http://mp3.zing.vn/bai-hat/Dem-Thay-Ta-La-Thac-Do-Quang-Dung/ZWZ9787B.html'),
(81, 'Đêm Trường Sơn Nhớ Bác ', 'G] Đêm [D] Trường [Em] Sơn \r\n[G] Chúng cháu [D] nhìn [Em] trăng [D] nhìn [Em] cây \r\nCảnh [G] về [Am] khuya như [B] vẽ \r\nBâng [C] khuâng chúng [Am] cháu nghĩ \r\n[Am] Bác [B] như [Am] đã [C] đến nơi [Em] này \r\n\r\n[C] Ơi đêm [D] Trường [C] Sơn \r\n[C] Nghe [D] tiếng [Em] suối [D] trong [C] như [D] tiếng [Em] hát [D] [C] xa \r\nMà [Em] ngỡ như từ Pác Bó [C] suối về [G] đây ngân nga \r\n[G] Âm vang [B7] Trường [G] Sơn. Âm [Am] vang [Em] Trường [Am] Sơn \r\n[Em] Đường Trường [G] Sơn mang bóng [Em] hình [Am] của [G] Bác \r\n[Am] Đường Trường [Em] Sơn chúng [G] cháu [Am] dồn [G] chân [D] bước \r\nCon [G] đường của [B] Bác [Am] mới đi [Em] qua \r\n\r\n[G] Đêm [D] Trường [Em] Sơn \r\n[G] Vẫn thấy [D] mùa [EM] trăng [D] ngàn [Em] xưa \r\nTỏa [G] ngàn [Am] hương thương [B] nhớ \r\nBâng [C] khuâng chúng cháu [Am] thấy \r\n[Am] Bác [B] như [Am] đang [C] đứng nơi [Em] này \r\n\r\n[C] Ơi đêm [D] Trường [C] Sơn\r\n[C] Nghe [D] tiếng [Em] suối [D] trong [C] như [D] tiếng [Em] hát [D] [C] xa \r\nMà [Em] ngỡ như từ Pác Bó [C] suối về [G] đây ngân nga \r\n[G] Âm vang [B7] Trường [G] Sơn. Âm [Am] vang [Em] Trường [Am] Sơn \r\n[Em] Đường Trường [G] Sơn mang bóng [Em] hình [Am] của [G] Bác \r\n[Am] Đường Trường [Em] Sơn chúng [G] cháu [Am] dồn [G] chân [D] bước \r\nCon [G] đường của [B] Bác [Am] mới đi [Em] qua ', NULL, NULL, NULL, NULL, NULL, '2013-06-21', 'admin', '2013-06-21', 'admin', 'Unpublished', 'http://mp3.zing.vn/bai-hat/Dem-Truong-Son-Nho-Bac-Top-ca-Quan-Khu-7/IWZA6OO9.html');
INSERT INTO `song` (`id`, `title`, `lyric`, `rhythm_id`, `composer_id`, `singer_id`, `level_id`, `melody_id`, `create_date`, `create_by`, `update_date`, `update_by`, `status`, `music_link`) VALUES
(82, 'Điệp Khúc Mùa Xuân', '[Cm]Gió hắt hiu lung linh hoa vàng\r\nChở tia nắng về trong ánh mùa [G7]sang\r\nGió mãi mơn man trên đóa môi hồng\r\nNgười em yêu tìm quên trong cuộc [Cm]sống\r\n\r\n[C]Bướm vẫn tung tăng bay la đà ,\r\nMặt trời mây buồn nhẹ trôi thiết [Fm]tha\r\nÁnh mắt mơ trông nơi xa [G]vời\r\nChở mùa [G7]Xuân đến đem nguồn [Cm]vui\r\n\r\nRừng [Fm]Xuân ơi xin lặng [Cm]gió heo may\r\nĐể chim [Fm]muông quay về [Cm]với muôn cây\r\nTình [Fm]Xuân ơi xin dệt [Cm]mối yêu thương\r\nTừ bao [D7]nhiêu năm tình [G]sầu muôn hướng\r\n\r\nNày [Cm]gió hãy cuốn [Fm]từng lá rơi\r\nVà [Bb]nắng hãy chiếu [Eb]màu thắm tươi\r\nCùng [Ab]những tiếng hát điệu nhạc [Fm]dâng chơi vơi\r\nDìu [Ab]hồn ta say trong viễn [G]khơi', NULL, 82, 11, NULL, NULL, '2013-06-21', 'admin', '2013-06-21', 'admin', 'Unpublished', 'http://mp3.zing.vn/bai-hat/Diep-Khuc-Mua-Xuan-Dam-Vinh-Hung/IW6007CE.html'),
(83, 'Điều Giản Dị', 'Dịu dàng hạt [G]nắng đùa nhẹ trên [B7]áo\r\nĐôi môi [Em]em gọi bao khát [Am]khao\r\nMắt em vời [D7]vợi đăm đắm trời [G]cao\r\nEm mong manh [Am]tựa rừng [Am]cây trút rơi [D7]lá\r\nGió chiều bỗng[D7]chợt xao xuyến mãi không [G]thôi\r\n\r\nNgười yêu [E7]ơi dù mai này cách [Am]xa\r\nMãi mãi diệu [D7]kỳ là tình yêu chúng [G]ta\r\nVà ta [E7]biết một [E7]điều thật giản [Am]dị\r\nCàng xa [D7]em ta càng thấy yêu [G]em\r\n\r\nHội [G]ngộ rồi chia [B7]ly cuộc đời vẫn thế\r\nDẫu là mặt [Em]trời nồng nàn khát [Am]khao\r\nHay đêm [D7]mịt mù lấp lánh ngàn [G]sao\r\nNếu không có [Am]người cuộc đời trôi về [D7]đâu\r\nNếu không có [D7]người mặt đất quá hoang [G]vu\r\n\r\nNgười yêu [E7]ơi dù mai này cách [Am]xa\r\nMãi mãi diệu [D7]kỳ là tình yêu chúng [G]ta\r\nVà ta [E7]biết một [Am]điều thật giản dị\r\nCàng xa[D7]em ta càng thấy yêu [G]em\r\n', NULL, 120, 119, NULL, NULL, '2013-06-21', 'admin', '2013-06-21', 'admin', 'Unpublished', 'http://mp3.zing.vn/bai-hat/Dieu-Gian-Di-Tan-Minh/ZWZDW87A.html'),
(84, 'Đi Về Nơi Xa', 'Trong [F] bóng đêm tôi [Dm] về, ôm cuộc tình lẻ [Gm] loi \r\nBiết [C] em về đâu mùa [Gm] hạ, hỡi [C] em về đâu mùa [Dm] đông \r\nBài [Gm] thơ xưa anh [Eb] viết cho [F] em chỉ còn nỗi muộn [Bb] phiền \r\nBài [Gm] thơ xưa anh [Eb] viết cho [F] em chỉ còn nỗi [Gm] đau \r\n\r\nÔm [F] giá băng muôn [Dm] trùng đi tìm cuộc tình [Gm] xưa \r\nLá [C] thu về đâu xào [Gm] xạc ngỡ [C] em về đây mùa [Dm] đông \r\nDòng [Gm] sông xưa trôi [Eb] mãi với [F] anh chỉ còn nỗi đợi [Bb] chờ \r\nGọi [Gm] em trong thương [Eb] nhớ, em [F] ơi có về nơi [Gm] đây \r\n\r\nTìm đâu [Eb] thấy bước [F] chân em về nơi [Bb] này \r\nDòng sông [Eb] cũ vẫn [F] trôi cô đơn anh ngồi nơi [Gm] đây \r\nVà em [Eb] đã bước [F] đi không còn quay [Bb] về \r\nMình anh [Eb] vẫn giá [F] băng bao năm đi về nơi [Gm] xa \r\n\r\nTrong [F] bóng đêm tôi [Dm] về, ôm cuộc tình lẻ [Gm] loi \r\nBiết [C] em về đâu mùa [Gm] hạ, hỡi [C] em về đâu mùa [Dm] đông \r\nBài [Gm] thơ xưa anh [Eb] viết cho [F] em chỉ còn nỗi muộn [Bb] phiền \r\nBài [Gm] thơ xưa anh [Eb] viết cho [F] em chỉ còn nỗi [Gm] đau \r\n\r\nÔm [F] giá băng muôn [Dm] trùng đi tìm cuộc tình [Bb] xưa \r\nLá thu [Eb] về đâu [F] xào xạc ngỡ em về đây mùa [Gm] đông \r\nDòng sông [Eb] xưa trôi [F] mãi với anh chỉ còn nỗi đợi [Bb] chờ \r\nGọi em [Eb] trong thương [F] nhớ, em ơi có về nơi [Gm] đây \r\n\r\nTìm đâu [Eb] thấy bước [F] chân em về nơi [Bb] này \r\nDòng sông [Eb] cũ vẫn [F] trôi cô đơn anh ngồi nơi [Gm] đây \r\nVà em [Eb] đã bước [F] đi không còn quay [Bb] về \r\nMình anh [Eb] vẫn giá [F] băng bao năm đi về nơi [Gm] xa\r\n', NULL, 121, 12, NULL, NULL, '2013-06-21', 'admin', '2013-06-21', 'admin', 'Unpublished', 'http://mp3.zing.vn/bai-hat/Di-Ve-Noi-Xa-Dan-Truong/ZWZAC6OO.html'),
(85, 'Diễm Xưa', '[B7]Mưa vẫn mưa bay trên tầng tháp [E7]cổ\r\n[Em]Dài tay em mấy thuở mắt xanh [Am]xao\r\n[Em]Nghe lá thu mưa reo mòn gót [B7]nhỏ\r\nĐường dài hun hút cho mắt thêm [C]sâu\r\n\r\n[B7]Mưa vẫn hay mưa trên hàng lá [E7]nhỏ\r\n[Em]Buổi chiều ngồi ngóng những chuyến mưa [Am]qua\r\n[Em]Trên bước chân em âm thầm lá [B7]đổ\r\nChợt hồn xanh buốt cho mình xót [Em]xa\r\n\r\n[Em]Chiều này còn mưa sao em không [Am]lại\r\nNhỡ mai trong cơn đau [Em]vùi\r\nLàm sao có [Am]nhau hằn lên nỗi [B7]đau\r\nBước chân em xin về mau\r\n\r\n[B7]Mưa vẫn hay mưa cho đời biển [Em]động\r\n[Em]Làm sao em nhớ những vết chim [Am]di\r\n[Em]Xin hãy cho mưa qua miền đất [B7]rộng\r\nĐể người phiêu lãng quên mình lãng [Em]du\r\n\r\n[B7]Mưa vẫn hay mưa cho đời biển [Em]động\r\n[Em]Làm sao em biết bia đá không [Am]đau\r\n[Em]Xin hãy cho mưa qua miền đất [B7]rộng\r\nNgày sau sỏi đá cũng cần có [Em]nhau.', NULL, 45, 94, NULL, NULL, '2013-06-21', 'admin', '2013-06-21', 'admin', 'Unpublished', 'http://mp3.zing.vn/bai-hat/Diem-Xua-Khanh-Ly/IWZACE78.html'),
(86, 'Đi Học', 'Hôm [C]qua em tới [Am]trường,\r\nmẹ [F]dắt tay từng [C]bước... ớơ...\r\nHôm [Am]nay mẹ lên [Em]nương,\r\nmột [F]mình em tới [C]lớp\r\n\r\nHương [Am]rừng thơm đồi [Em]vắng,\r\nnước [F]suối trong thầm [C]thì\r\nCọ [F]xoè ô che [Dm]nắng,\r\nrâm [F]mát đường em [C]đi\r\n\r\nTrường của em be [Am]bé,\r\nnằm [F]lặng giữa rừng [C]cây... áa\r\nCô giáo em tre [Em]trẻ,\r\ndạy em hát rất [C]hay\r\n\r\nHương [Am]rừng chen hương [Em]cốm,\r\ncá dưới khe thầm [C]thì\r\nCọ xoè ô che [Dm]nắng,\r\nrâm mát đường em [C]đi', NULL, NULL, 111, NULL, NULL, '2013-06-21', 'admin', '2013-06-21', 'admin', 'Unpublished', 'http://mp3.zing.vn/bai-hat/Di-Hoc-Hong-Nhung/ZWZA6BDO.html'),
(87, 'Đôi Bờ', '[Fm] Đêm dài qua [Bbm], dưới mưa [Eb]rơi, anh mong chờ em [Ab]tới\r\nCây cỏ [Ab]hoa như [Bbm]nói nên lời, [Db]anh hạnh phúc nhất [C]đời\r\n[Fm] Lòng anh [Bbm]riêng biết có yêu em, [Eb]giữa tình đôi lứa [Ab]ta,\r\n[Fm]Một dòng [Bbm]sông sóng nước long [C]lanh, đôi bờ đâu cách [Fm]xa\r\n\r\n[Fm]Trên dòng [Bbm]sông, sóng đôi [Eb]nhau, thiên nga đùa trên [Ab]sóng\r\nBên bờ [Ab]sông ai [Bbm]sánh vai [Db]nhau, đôi đôi bước theo [C]dòng\r\n[Fm]Mình anh [Bbm]riêng đứng ngóng trông em, [Eb]với niềm tin thiết [Ab]tha\r\n[Fm]Một dòng [Bbm]sông sóng nước long [C]lanh, đôi bờ đâu cách [Fm]xa\r\n\r\n[Fm]Đêm dần [Bbm]qua, ánh ban [Eb]mai đang lan tràn dâng [Ab]tới.\r\nTrên bờ [Ab]sông soi [Bbm]bóng em [Db]dài, xa xa phía chân [C]trời.\r\n[Fm]Mình anh [Bbm]riêng thắm thiết yêu em, [Eb]với niềm tin thiết [Ab]tha.\r\n[Fm]Một dòng [Bbm]sông sóng nước long [C]lanh, đôi bờ đâu cách [Fm]xa…\r\n[Fm]Mình anh [Bbm]riêng thắm thiết yêu em, [Eb]với niềm tin thiết [Ab]tha.\r\n[Fm]Một dòng [Bbm]sông sóng nước long [C]lanh, đôi bờ đâu cách [Fm]xa…', NULL, 41, NULL, NULL, NULL, '2013-06-21', 'admin', '2013-06-21', 'admin', 'Unpublished', 'http://mp3.zing.vn/bai-hat/Doi-bo-Tinh-ca-Nga/IWZC0ZC6.html'),
(88, 'Dư Âm', 'Đêm qua mơ [D] dáng em đang ôm [A] đàn dìu muôn tiếng [F#m] tơ\r\nKhông gian trầm [Bm] lắng như âu yếm [G] ru ai trong giấc [A] mơ\r\nMái tóc nhẹ rung [F#m] , trăng vờn làn [Em] gió\r\nYêu ai anh [F#m] nắn cung đàn đầy [A] vơi đôi mắt xa [Em] vời\r\n\r\nAnh yêu tiếng [D] hát êm như lời [A] nguyền đẹp bao ước [F#m] mơ\r\nAnh như lầu [Bm] vắng em như ánh [G] trăng reo muôn ý [A] thơ\r\nMuốn nói cùng [F#m] em đôi lời trìu [Em] mến....\r\nTim anh băng [F#m] giá đang ngại ngùng [A7] câu năm tháng mong [D] chờ\r\n\r\nHẹn [G] em từ muôn kiếp [Bm] trước\r\nNhớ [A] [Bm] em mấy thuở bạc [A] đầu\r\nAnh đã âu sầu vì đường [D] tơ vương [F#m] vấn [Bm]\r\nEm để cung [Em] đàn đưa anh về [A7] đâu ?\r\n\r\nDư âm tiếng [D] hát reo lên trong [A] lòng anh bao nhớ [F#m] nhung\r\nĐê mê lòng [Bm] nhớ đêm qua giấc [G] mơ môi em hé [A] rung\r\nAnh muốn thành [F#m] mây nương nhờ làn [Em] gió\r\nĐưa anh tới [F#m] cõi mơ hồ nào [A7] đây muôn kiếp bên [D] nàng.\r\n', NULL, 122, 35, NULL, NULL, '2013-06-21', 'admin', '2013-06-21', 'admin', 'Unpublished', 'http://mp3.zing.vn/bai-hat/Du-Am-Tuan-Ngoc/ZWZA08EO.html'),
(89, 'Đứa Bé', '[C]Trong đêm một bàn [Am]chân bước\r\nBé [F]xíu lang thang [C]trên đường\r\nÁnh mắt [Am]buồn , mệt nhoài của [Em]em\r\nEm rất [F]buồn vì em không biết [G]đi , đi về [Am]đâu\r\n\r\nCuộc [C]sống mưu [G]sinh chỉ làm [Am]em qua cơn đói [Em]từng ngày\r\nVì [F]em không cha, vì [Am]em đã mất mẹ\r\nThương [Dm]đau vẫn là đau [Dm]thương[C] \r\n\r\nEm mơ một vì [Am]sao sáng\r\nDẫn [F]lối em trên đường [Em]đời\r\nDẫu biết [Am]rằng chỉ là giấc [Em]mơ\r\nĐã lâu [F]rồi em đã [G]không , không có tình [Am]thương\r\n', NULL, 123, NULL, NULL, NULL, '2013-06-21', 'admin', '2013-06-21', 'admin', 'Unpublished', 'http://mp3.zing.vn/bai-hat/Dua-Be-Hop-Ca/IWZABWUZ.html'),
(90, 'Đường Đến Ngày Vinh Quang', 'Cùng trèo [C]lên đỉnh núi cao vời vợi\r\nĐể ta [Am]khắc tên mình trên [F]đời\r\nDù ta [G]biết gian nan đang chờ [E]đón\r\nVà [Am]trái tim vẫn âm [F]thầm\r\nĐưa bước chân tìm đến những đỉnh vinh [G]quang\r\n\r\nBầu trời đêm [C]nay cùng thức với muôn người\r\nMàu cờ [Am]khát khao ghi chiến [F]công\r\nTriệu người [G]dân mong tin những bàn [E]thắng\r\nLời [Am]hứa ghi trong tim [F]mình\r\nSẽ khắc tên vinh quang của Việt [G]Nam\r\n\r\nVà con [F]tim ta đã ước nguyện cùng [G]nhau vai kề vai\r\nNiềm vinh [F]quang ta chia sẻ cùng [G]nhau\r\n\r\nNgày [C]đó ngày đó sẽ không xa [G]xôi\r\nVà [F]chúng ta là người chiến [E]thắng\r\nHồi còi [F]ngân vang như thúc giục lòng ta thêm tự [G]tin\r\nVượt gian [F]nan ta vưon tới những vì [G]sao\r\n\r\nNgày đó ngày đó sẽ không xa xôi\r\nVà chúng ta là người chiến thắng\r\nĐưòng [Am]đến những ngày vinh [F]quang không còn xa\r\nDù khó khăn vẫn [C]còn\r\n', NULL, 36, 36, NULL, NULL, '2013-06-21', 'admin', '2013-06-21', 'admin', 'Unpublished', 'http://mp3.zing.vn/bai-hat/Duong-Den-Ngay-Vinh-Quang-Buc-Tuong/IWZABWAZ.html'),
(91, 'Em Còn Nhớ Hay Em Đã Quên', 'Em còn [G7]nhớ hay em đã [Cm]quên?\r\nNhớ Sài [Ab]gòn mưa rồi chợt [Eb]nắng\r\nNhớ phố xưa [Fm]quen biết tên bàn [G]chân\r\nNhớ đèn [Ab]đường từng đêm thao [Fm]thức\r\nSáng che [Cm]em vòm lá me [G]xanh\r\n\r\nEm còn [G7]nhớ hay em đã [Cm]quên?\r\nBên hàng [Ab]xóm đôi khi ghé [Eb]thăm\r\nCó hai [Bb]mùa vẫn đi [Ab]về\r\nCó [G]con [Fm]đường nằm [G]nghe nắng [Cm]mưa\r\n\r\nEm ra [C]đi nơi này vẫn [C]thế\r\nLá vẫn [F]xanh trên con đường [C]nhỏ\r\nVườn xưa [C]vẫn có tiếng mẹ [F]ru\r\nCó tiếng em [G]thơ\r\nCó chút nắng [F]trong , tiếng [C]gà [G]trưa\r\n\r\nEm còn [G7]nhớ hay em đã quên [Cm]?\r\nNhớ đường [Ab]dài qua cầu lại [Eb]nối\r\nNhớ những con [Fm]kênh nối hai giòng [G]sông\r\nNhớ ngựa [Ab]thồ ngoại ô xa [Fm]vắng\r\nNỗi xôn [Cm]xao hàng quán đêm [G]đêm\r\n\r\nEm còn [G7]nhớ hay em đã [Cm]quên?\r\nTrong lòng [Ab]phố mưa đêm trói [Eb]chân\r\nDưới hiên [Bb]nhà nước dâng [Ab]tràn\r\n[G]Phố bỗng [Fm]là dòng [G]sông uốn [Cm]quanh\r\n\r\nEm còn [G7]nhớ hay em đã [Cm]quên ?\r\nNhớ Sài [Ab]gòn những chiều ngợp [Eb]gió\r\nLá hát như [Fm]mưa suốt con đường [G]đi\r\nCó mặt [Ab]đường vàng hoa như [Fm]gấm\r\nCó không [Cm]gian màu áo bay [G]lên\r\n\r\nEm còn [G7]nhớ hay em đã [Cm]quên ?\r\nKhi chiều [Ab]xuống bên sông nước [Eb]lên\r\nÉn nô [Bb]đùa giữa phố [Ab]nhà\r\n[G]Có nắng [Fn]vàng lạc [G]trên lối [Cm]đi\r\n\r\nĐK:\r\nEm ra [C]đi nơi này vẫn [C]thế\r\nVẫn có [F]em trong tim của [C]mẹ\r\nThành phố [C]vẫn có những ước [F]mơ\r\nVẫn sống thiết [G]tha\r\nVẫn lấp lánh [F]hoa trên [C]đường [G]đi\r\n\r\nEm còn [G7]nhớ hay em đã [Cm]quên ?\r\nNhớ Sài [Ab]gòn những chiều gặp [Eb]gỡ\r\nNhớ món ăn [Fm]quen nhớ ly chè [G]thơm\r\nNhớ bạn [Fm]bè chào nhau quen [G]tiếng\r\nPhố em [Fm]qua gạch ngói quen [Cm]tên\r\n\r\nEm còn [G7]nhớ hay em đã [Cm]quên ?\r\nQuê nhà [Ab]đó bao năm có [Eb]em\r\nCó bóng [Bb]dừa có câu [Ab]hò\r\n[G]Có con [Fm]đò chở [G]mưa nắng [Cm]đi\r\n\r\nEm còn [G7]nhớ hay em đã [C]quên ?\r\n', NULL, 45, 94, NULL, NULL, '2013-06-21', 'admin', '2013-06-21', 'admin', 'Unpublished', 'http://mp3.zing.vn/bai-hat/Em-Con-Nho-Hay-Em-Da-Quen-Khanh-Ly/ZWZFBE80.html'),
(92, 'Em Là Bông Hồng Nhỏ', 'Em sẽ [G]là mùa xuân của mẹ\r\nEm sẽ [D7]là màu nắng của [G]cha\r\nEm đến trường học bao điều [C]lạ\r\nMôi mỉm [A7]cười là những nụ [D]hoa.\r\n\r\nTrang sách [G]hồng nằm mơ màng ngủ\r\nEm gối [D7]đầu lên những vần [G]thơ\r\nEm thấy mình là hoa hồng [C]nhỏ\r\nBay giữa trời làm mát ngày [G]qua.\r\nTrời mênh mông, đất hiền [C]hòa\r\n\r\nBàn chân [D7]em đi nhè nhẹ\r\nĐưa em vào tình người bao la\r\nCây có [G]vườn bầy chim làm tổ\r\nSông có [D7]nguồn từ suối chảy [G]ra\r\nTim mỗi người là quê nhà [C]nhỏ\r\nTình nồng [D7]thắm như mặt trời [G]xa.\r\n', NULL, 45, 111, NULL, NULL, '2013-06-21', 'admin', '2013-06-21', 'admin', 'Unpublished', 'http://mp3.zing.vn/bai-hat/Em-La-Hoa-Hong-Nho-Hong-Nhung/ZWZA6BCF.html'),
(93, 'Em Ơi Hà Nội Phố', 'Em ơi, Hà Nội [Cm]phố\r\nTa còn em mùi hoàng [D7]lan\r\nTa còn em mùi hoa [Gm]sữa\r\nCon đường vắng rì rào cơn mưa [Cm]nhỏ\r\nAi đó chờ [D7]ai tóc xõa vai [Gm]mềm\r\n\r\nTa còn [Gm]em cây bàng mồ côi mùa đông\r\nTa còn [Cm]em nóc phố mồ côi mùa đông\r\nMảnh trăng mồ côi mùa [D]đông\r\nMùa đông năm ấy\r\nTiếng dương cầm trong căn nhà [Gm]đổ\r\nTan lễ chiều sao còn vọng tiếng chuông [D7]ngân\r\n\r\nTa còn [Gm]em một màu xanh thời gian\r\nTừng [D7]chiều phai tóc em bay\r\nChợt nhòa, chợt [D]hiện\r\nNgười nghệ [Gm]sĩ lang thang hoài trên phố\r\nBỗng thấy [D7]mình chẳng nhớ nổi một con [Gm]đường\r\n\r\nTa còn [Gm]em hàng phố cũ rêu phong\r\nVà [D7]từng mái ngói son yêu\r\nNao nao kỷ [Gm]niệm\r\nChiều Hồ [Gm]Tây lao xao hoài con sóng\r\nChợt hoàng [D7]hôn về tự bao [Gm]giờ', NULL, 120, 111, NULL, NULL, '2013-06-21', 'admin', '2013-06-21', 'admin', 'Unpublished', 'http://mp3.zing.vn/bai-hat/Em-Oi-Ha-Noi-Pho-Hong-Nhung/ZW60FE6C.html'),
(94, 'Em Và Tôi', 'F]Em và [Dm]tôi, một đêm trăng [Am]sáng,\r\nmột ngày chiều [Gm]tàn.\r\n[C7]Em - sao mai đầu non\r\nCòn tôi - sao hôm mỗi [F]tối.\r\nEm và [Dm]tôi, xa nhau thấy [D7]nhớ gần nhau giận [Gm]hờn\r\n[F]Em và tôi, những tiếng ca [C7]vui, những khúc nhạc [Dm]buồn.\r\n\r\n[F]Hát đi em hát [Gm]lên những lời trái tim\r\nĐể [F]với tiếng ca bỗng như ta gần nhau thêm.\r\nCó tiếng [Dm]hát ai như cơn gió mát\r\nGiọt lệ [Em]nào là dòng suối trong veo\r\nHay là [C7]tôi đang ở trong em đó\r\nNhư tim [Gm]em về ngủ trong tim tôi\r\n[F]Cách xa đâu là lãng quên\r\nĐể [Dm]nhớ thương nhuộm hồng trái [F]tim.\r\n\r\n[F]Em và [Dm]tôi, một niềm vui mới [Am]đến,\r\nmột nỗi buồn xa [Gm]xôi\r\n[C7]Em - xôn xao niềm vui\r\nCòn tôi - mênh mang nỗi [F]nhớ\r\nEm và [Dm]tôi, một bông hoa sắc [D7]thắm,\r\nmột cành khô không [Gm]chồi.\r\nEm và tôi, mỗi người một nửa cuộc đời...\r\nEm và tôi, mỗi [C7]người một nửa cuộc [Dm]đời', NULL, 124, 87, NULL, NULL, '2013-06-21', 'admin', '2013-06-21', 'admin', 'Unpublished', 'http://mp3.zing.vn/bai-hat/Em-Va-Toi-Thanh-Lam/IW6IBEZF.html'),
(95, 'Em Về Tinh Khôi ', 'Bờ vai ơi [E] đừng quá nghiêng [G#7] nghiêng\r\nĐánh rơi buổi [C#m] chiều thơm ngát [B]\r\nLàn môi [A] ơi đừng quá run [B7] run\r\nLỡ tia nắng [E] hồng tan mất\r\n\r\nXin âu [A] lo không về qua [E] đây\r\nXin thương [A] yêu dâng thành mê [E] say\r\nXin cho [F#7] ta nhìn ngắm lung linh\r\nTừ [A7] đáy đôi mắt....rất [B7] trong\r\n\r\nBàn tay [E] em là cánh sen [G#7] thơm\r\nƯớp trong vòng [C#m] đêm mái tóc [B]\r\nNụ thanh [A] xuân còn ấp e [B7] nơi\r\nNét xinh áo [E] lụa thơ ngây\r\n\r\nXin trăm [A] năm em về tinh [E] khôi\r\nĐôi tay [A] ta dang rộng hân [E] hoan\r\nXin cho [F#7] ta một khắc [B7] reo ca\r\nVui cùng [E] em\r\n\r\n[B7] Vì biết đâu có đôi [E] lúc em xa vời vợi\r\nBiết đâu có đôi [A] lúc con tim nghẹn lời\r\nBiết đâu có đôi [B7] lúc ta quên chờ đợi\r\nKề bên [F#7] nhau quên một chiếc [B7] hôn\r\nBiết đâu sớm mai [E] nắng nghe phơi cuộc tình\r\nBiết đâu sớm mai [A] gió tan cơn mộng lành\r\nBiết đâu biết đâu [B7] đấy xin em lòng thành\r\nVà xin [G] cất lấy trái tim [C] này... Nhớ [Am6] nhung... phút [E] giây\r\n\r\n[B7] Vì biết đâu cánh mây [E] trắng yêu em gọi mời\r\nBiết đâu gió tha [A] thiết mang em về trời\r\nBiết đâu bỗng em [B7] thấy tim ta chật chội\r\nVà em tan [F#7] đi cùng ánh [B7] sương....\r\nBiết đâu bỗng em [E] thấy đôi chân mỏi mệt\r\nBiết đâu bỗng em [A] thấy sông Thương cạn kiệt\r\nBiết đâu bỗng mưa [B7] nắng gieo tim buồn phiền\r\nVà em [G] sẽ cất cánh tung [C] trời... Hóa [Am6] thân... giấc [E] mơ\r\n\r\nVà em [G] sẽ cất cánh phương [C] nào... thênh [D] thang... mây [E] khói. \r\n', NULL, 125, 21, NULL, NULL, '2013-06-21', 'admin', '2013-06-21', 'admin', 'Unpublished', 'http://mp3.zing.vn/bai-hat/Em-Ve-Tinh-Khoi-Lam-Truong/ZWZBZF7W.html'),
(96, 'Forever', 'I [Bm] stand [F#m] alone in the[G] dark [D] ness\r\nThe [Em] winter of my [A] life [Bm] came so [F#] fast\r\n[Bm] Memories [F#m] go back to [G] childhood [D]\r\n[Em] To days I [A] still [Bm] recall\r\n\r\n[Bm] Oh how [F#m] happy I [G] was [D] then\r\n[Em] There was no [A] sorrow [Bm] there was no [F#] pain\r\n[Bm] Walking [F#m] through the [G] green [D]fields\r\n[Em] Sunshine [A] in my [Bm] eyes\r\n\r\nIm still [G] there every [A] where\r\nIm the [D] dust [A] in the [Bm] wind\r\nIm the [G] star in the [A] northern [Bm] sky\r\nI never [G] stayed any [A] where\r\nIm the [D] wind [A] in the [Bm] trees\r\nWould you [G] wait for [A] me fore [Bm] ver ?\r\n', NULL, 44, NULL, NULL, NULL, '2013-06-21', 'admin', '2013-06-21', 'admin', 'Unpublished', 'http://mp3.zing.vn/bai-hat/Forever-Stratovarius/ZWZA6DO8.html'),
(97, 'Gặp Nhau Làm Ngơ', '[G]Nhớ khi xưa lạ [Am]nhau, chung một [D]đường kẻ trước người [G]sau\r\n[Bm]Chàng lặng đi theo [Em]nàng, hát vu [C]vơ mấy câu nhạc [Em]tình\r\nNàng làm như vô [Em]tình, gái đoan [C]trang dễ đâu làm [G]quen\r\n\r\n[G]Lối đi qua nhà [Am]em, nghe nồng [D]nàn mùi dạ lí thật [G]thơm\r\nKhi đêm [Bm]sang, đom đóm đong [Am]đưa, giờ nàng đã ngủ [Em]chưa\r\nĐi lang [G]thang khuya lắc khuya [Am]lơ, [C]đèn nhà ai tắt [G]sớm\r\nÔm suy tư thao thức đêm mơ, chàng bèn viết là thư\r\nHai hôm [G]sau mới dám đưa [Am]thư, nàng nhận [D]nhưng làm [G]ngơ\r\n\r\n[G]Nhớ khi xưa còn [Am]thơ, đi cùng [D]đường gặp nhau cứ làm [G]ngơ\r\nChuyện tình yêu ban [Em]đầu, mấy [C]ai may mắn chung nhịp [Em]cầu\r\nNang đội hoa theo chồng, nước mắt [C]tôi rớt bên bờ [G]sông\r\n[G]Đã không như là [Am]mơ, nếu tình [D]cờ gặp xin cứ làm [G]ngơ', NULL, 101, 126, NULL, NULL, '2013-06-21', 'admin', '2013-06-21', 'admin', 'Unpublished', 'http://mp3.zing.vn/bai-hat/Gap-Nhau-Lam-Ngo-Duy-Quang/ZWZDC00W.html'),
(98, 'Giải Phóng Quân', '[Bm] Đoàn Giải Phóng quân một [F#m] lần [A] ra [Bm] đi\r\nLà có sá chi đâu [F#m] ngày [G] trở [Bm] về\r\nRa đi ra [D] đi bảo [G] tồn [A] sông [D] núi\r\nRa đi ra [F#] đi thà [G] chết [F#] chớ [Bm] lui\r\n\r\nCờ bay phấp [D] phới ngời màu Lạc [G] Hồng\r\nKèn reo vang [D] tiếng gọi dòng Lạc [F#] Hồng\r\nCùng [G] Giải [A] Phóng [Bm] quân\r\nRa [D] đi ra đi theo [G] hồn sông [Bm] núi\r\nThù bao năm [D] xưa có [A] bao [F#] giờ [Bm] nguôi\r\nDưới cờ [G] oai nghiêm [D] sao [A] vàng [D] bay\r\nĐoàn [D] quân [A] Việt Nam [D] có [F#] hay\r\nNgày [D] xưa biết bao [F#] vị [A] hùng [Bm] anh\r\nQuyết vì non [G] sông ra [F#m] tay [F#] bao [Bm] lần\r\nNgày nay đoàn [D] quân ta [A] gắng làm [D] sao\r\nGiành [Bm] quyền tự [F#] do hạnh [G] phúc [A] cho [Bm] dân\r\n\r\n[Bm] Đoàn Giải Phóng quân một [F#m] lần [A] ra [Bm] đi\r\nDù có gian nguy nhưng [F#m] lòng[G] không [Bm] nề\r\nRa đi ra [D] đi bảo [G] tồn [A] sông [D] núi\r\nRa đi ra [F#] đi thà [G] chết [F#] chớ [Bm] lui\r\n', NULL, 128, 127, NULL, NULL, '2013-06-21', 'admin', '2013-06-21', 'admin', 'Unpublished', 'http://mp3.zing.vn/bai-hat/Giai-Phong-Quan-Quang-Ly/ZWZBWIF9.html'),
(99, 'Giã Từ Dĩ Vãng', '[Am] Cô đơn cô đơn nỗi đau cõi đời lạc [F] lõng như vô [Dm] tình\r\n[G] Sao quên đi những tháng [G7] năm êm đềm hạnh [C] phúc trong tầm tay\r\n[Am] Tha phương xa trong cố hương tiếng còi tàu [F] xé tan cõi [Dm] lòng\r\n[B7] Xót xa khi mảnh [E7] đời về đâu đêm [Esus4] tối [E7] \r\n\r\n[Am] Mong manh mong manh khói sương vẫn là ngọn [F] gió hay vô [Dm] tình\r\n[G] Mơ xa xôi trong giấc [G7] mơ bỗng người chợt [C] đến ta nào hay\r\n[Am] Đôi khi nghe bao xót xa tiếc thời gian [F] đã trôi quá [Dm] mau\r\n[B7] Hãy quên đi ngày [E] xưa chợt bỗng tỉnh [E7] giữa cơn [Am] mơ\r\n\r\n[Am] Giã từ, dĩ vãng qua đi còn vương chi [Dm] kiếp tội tình\r\n[G] Giã từ dĩ vãng mây [C] trôi đã xa rời xa quê nhà\r\n[A] Giã từ [Asus4] quên niềm cay đắng quên đi giọt [Dm] nước mắt rơi\r\n[E7] Giã từ, giã từ dẫu [B7] là chẳng còn [E7] chi nữa…hớ ơ\r\n\r\n[Am] Giã từ dĩ vãng qua đi muà xuân nắng [Dm] ấm tình nồng\r\n[G] Giã từ dĩ vãng xa [C] xôi lỡ sao sầu vương mắt ai\r\n[A] Giã từ [Asus4] cho ta nhung nhớ yêu thương người [Dm] mãi mãi thôi\r\n[E7] Giã từ, giã từ dĩ [F] vãng [E7] xưa qua trong [Am] mơ \r\n', NULL, 129, 114, NULL, NULL, '2013-06-21', 'admin', '2013-06-21', 'admin', 'Unpublished', 'http://mp3.zing.vn/bai-hat/Gia-Tu-Di-Vang-Phuong-Thanh/ZW6OWZBZ.html'),
(100, 'Giọt Sương Trên Mí Mắt', '[Am]Em đâu có [C]biết , lúc mặt [G]trời sinh [Am]ra\r\nMặt [F]trời là nước [C]mắt , [Am]suốt một đời mẹ [G]cha\r\n[Am]Khi em đã [C]lớn , nụ [G]hồng nở trong [Am]tim\r\nGiọt [C]sương trên mí [G]mắt\r\nLà cuộc [G]tình , là cuộc tình đầu [Am]tiên\r\n\r\n[Am]Khi em cất [C]tiếng , khóc chào [G]đời bên [Am]môi\r\nBuồn [F]vui như cơn [C]gió , [Am]thóang ngoài trời xa [G]xôi\r\n[Am]Khi ta bỗng [C]thấy tuổi [G]ngày càng nhiều [Am]thêm\r\nCạn [C]khô dòng nước [G]mắt\r\nCòn cuộc [G]đời ,cuộc đời buồn [Am]tênh.\r\n\r\nCó những [G]lúc , em [Dm]cười thật buồn\r\n[G]Sao em không khóc, cho lòng lòng nhẹ nhàng [Am]hơn\r\nVì [G]có những lúc, ta [Dm]nhìn cuộc đời\r\nNìềm [G]vui trong ánh mắt, còn lệ buồn lệ buồn trên [Am]môi\r\n\r\n[Am]Xin em hãy [C]khóc nồng [G]nàn từ con [Am]tim\r\nXôn [F]xao dòng nước [C]mắt , [Am]hết muộn [G]phiền trong em\r\n[Am]Khi ta đã [C]có , nụ [G]cười ở trong [Am]tim\r\nGiọt [F]buồn trên mi [G]mắt\r\nLà mặt [G]trời , mặt trời dịu [Am]êm.\r\nGiọt sương trên mí [G]mắt\r\nLà mặt trời, mặt trời dịu [Am]êm.', NULL, 124, 111, NULL, NULL, '2013-06-21', 'admin', '2013-06-21', 'admin', 'Unpublished', 'http://mp3.zing.vn/bai-hat/Giot-Suong-Tren-Mi-Mat-Hong-Nhung/ZWZA6B7F.html'),
(101, 'Gửi Lại Em', 'Ngày [A]mai tôi sẽ lên [F#m]đường ,\r\nXin [Bm]chào thành phố thân [E]yêu ,\r\nNgày [E]mai tôi sẽ lên [E]đường ,\r\nTạm biệt [E]nhé người [A]thương .\r\n\r\nGần nhau trong giây phút này,\r\nÊm đềm hạnh phúc trong tay,\r\nNhìn nhau trao nhau nụ cười,\r\nQua đôi mắt xanh như màu mây.\r\n\r\nĐK:\r\nGởi lại [F#m]em ước mơ bên giảng [Bm]đường ,\r\nGởi lại [E]em lúa ngô đang vào [A]mùa ,\r\nGởi lại [F#m]em phố vui qua từng [Bm]chiều ,\r\nGởi lại [E]em tiếng yêu ngọt [A]ngào .\r\n', NULL, 91, 12, NULL, NULL, '2013-06-21', 'admin', '2013-06-21', 'admin', 'Unpublished', 'http://mp3.zing.vn/bai-hat/Gui-Lai-Em-Dan-Truong/ZWZCE090.html');

--
-- Constraints for dumped tables
--

--
-- Constraints for table `lesson`
--
ALTER TABLE `lesson`
  ADD CONSTRAINT `lesson_ibfk_2` FOREIGN KEY (`level_id`) REFERENCES `level` (`id`) ON DELETE CASCADE ON UPDATE CASCADE,
  ADD CONSTRAINT `lesson_ibfk_3` FOREIGN KEY (`guru_id`) REFERENCES `artist` (`id`) ON DELETE CASCADE ON UPDATE CASCADE;

--
-- Constraints for table `song`
--
ALTER TABLE `song`
  ADD CONSTRAINT `song_ibfk_1` FOREIGN KEY (`rhythm_id`) REFERENCES `rhythm` (`id`) ON DELETE CASCADE ON UPDATE CASCADE,
  ADD CONSTRAINT `song_ibfk_2` FOREIGN KEY (`composer_id`) REFERENCES `artist` (`id`) ON DELETE CASCADE ON UPDATE CASCADE,
  ADD CONSTRAINT `song_ibfk_3` FOREIGN KEY (`singer_id`) REFERENCES `artist` (`id`) ON DELETE CASCADE ON UPDATE CASCADE,
  ADD CONSTRAINT `song_ibfk_4` FOREIGN KEY (`level_id`) REFERENCES `level` (`id`) ON DELETE CASCADE ON UPDATE CASCADE,
  ADD CONSTRAINT `song_ibfk_5` FOREIGN KEY (`melody_id`) REFERENCES `melody` (`id`) ON DELETE CASCADE ON UPDATE CASCADE;

/*!40101 SET CHARACTER_SET_CLIENT=@OLD_CHARACTER_SET_CLIENT */;
/*!40101 SET CHARACTER_SET_RESULTS=@OLD_CHARACTER_SET_RESULTS */;
/*!40101 SET COLLATION_CONNECTION=@OLD_COLLATION_CONNECTION */;
